2025-12-08 14:47:40,173 — INFO — GET /docs — 200 — 0.024s
2025-12-08 14:47:40,783 — INFO — GET /openapi.json — 200 — 0.256s
2025-12-08 15:16:57,679 — INFO — OPTIONS /auth/login — 200 — 0.029s
2025-12-08 15:16:58,130 — INFO — Login attempt: yashi@gmail.com
2025-12-08 15:16:59,826 — INFO — Login attempt: yashi@gmail.com
2025-12-08 15:17:00,268 — INFO — Login successful: yashi@gmail.com
2025-12-08 15:17:00,269 — INFO — POST /auth/login — 200 — 2.564s
2025-12-08 15:17:00,706 — INFO — Login successful: yashi@gmail.com
2025-12-08 15:17:00,706 — INFO — POST /auth/login — 200 — 0.915s
2025-12-08 15:17:29,191 — INFO — Login attempt: lalita@test.com
2025-12-08 15:17:29,538 — INFO — Login successful: lalita@test.com
2025-12-08 15:17:29,538 — INFO — POST /auth/login — 200 — 0.348s
2025-12-08 15:23:20,130 — INFO — Login attempt: lalita@test.com
2025-12-08 15:23:21,728 — INFO — Login successful: lalita@test.com
2025-12-08 15:23:21,734 — INFO — POST /auth/login — 200 — 1.65s
2025-12-08 15:23:21,949 — INFO — OPTIONS /auth/me — 200 — 0.004s
2025-12-08 15:23:21,957 — INFO — OPTIONS /auth/me — 200 — 0.01s
2025-12-08 15:23:21,974 — INFO — Accessing /auth/me
2025-12-08 15:23:22,613 — INFO — GET /auth/me — 200 — 0.649s
2025-12-08 15:23:22,627 — INFO — Accessing /auth/me
2025-12-08 15:23:22,862 — INFO — GET /auth/me — 200 — 0.241s
2025-12-12 13:57:46,317 — INFO — GET /docs — 200 — 0.078s
2025-12-12 13:57:47,374 — INFO — GET /openapi.json — 200 — 0.356s
2025-12-13 14:16:36,733 — INFO — GET /docs — 200 — 0.012s
2025-12-13 14:16:37,438 — INFO — GET /openapi.json — 200 — 0.278s
2025-12-13 14:17:18,962 — INFO — POST /auth/register — 200 — 1.75s
2025-12-13 14:17:54,319 — INFO — POST /auth/login — 200 — 0.567s
2025-12-13 14:40:48,414 — INFO — OPTIONS /auth/login — 200 — 0.026s
2025-12-13 14:40:50,110 — INFO — POST /auth/login — 400 — 1.664s
2025-12-13 14:41:21,337 — INFO — OPTIONS /auth/register — 200 — 0.001s
2025-12-13 14:41:22,527 — INFO — POST /auth/register — 200 — 1.061s
2025-12-13 14:41:46,774 — INFO — POST /auth/login — 200 — 0.513s
2025-12-13 14:41:46,884 — INFO — OPTIONS /auth/me — 200 — 0.0s
2025-12-13 14:41:46,888 — INFO — OPTIONS /auth/me — 200 — 0.001s
2025-12-13 14:41:47,227 — INFO — GET /auth/me — 200 — 0.338s
2025-12-13 14:41:48,059 — INFO — GET /auth/me — 200 — 0.815s
2025-12-13 14:42:02,157 — INFO — GET /auth/me — 200 — 0.332s
2025-12-13 14:42:02,427 — INFO — GET /auth/me — 200 — 0.256s
2025-12-13 14:42:05,089 — INFO — GET /auth/me — 200 — 0.259s
2025-12-13 14:42:05,374 — INFO — GET /auth/me — 200 — 0.268s
2025-12-13 14:42:14,118 — INFO — GET /auth/me — 200 — 0.299s
2025-12-13 14:42:14,408 — INFO — GET /auth/me — 200 — 0.285s
2025-12-13 14:42:18,209 — INFO — GET /auth/me — 200 — 0.3s
2025-12-13 14:42:18,483 — INFO — GET /auth/me — 200 — 0.269s
2025-12-13 14:42:22,962 — INFO — GET /auth/me — 200 — 0.301s
2025-12-13 14:42:23,244 — INFO — GET /auth/me — 200 — 0.278s
2025-12-13 14:42:24,237 — INFO — GET /auth/me — 200 — 0.266s
2025-12-13 14:42:24,515 — INFO — GET /auth/me — 200 — 0.269s
2025-12-13 14:42:26,847 — INFO — GET /auth/me — 200 — 0.342s
2025-12-13 14:42:27,141 — INFO — GET /auth/me — 200 — 0.284s
2025-12-13 14:42:28,325 — INFO — GET /auth/me — 200 — 0.414s
2025-12-13 14:42:28,591 — INFO — GET /auth/me — 200 — 0.26s
2025-12-13 14:42:29,563 — INFO — GET /auth/me — 200 — 0.286s
2025-12-13 14:42:29,828 — INFO — GET /auth/me — 200 — 0.262s
2025-12-13 14:42:31,075 — INFO — GET /auth/me — 200 — 0.29s
2025-12-13 14:42:31,338 — INFO — GET /auth/me — 200 — 0.261s
2025-12-13 14:42:32,213 — INFO — GET /auth/me — 200 — 0.291s
2025-12-13 14:42:32,483 — INFO — GET /auth/me — 200 — 0.266s
2025-12-13 14:42:36,187 — INFO — GET /auth/me — 200 — 0.275s
2025-12-13 14:42:36,464 — INFO — GET /auth/me — 200 — 0.269s
2025-12-13 14:43:03,659 — INFO — OPTIONS /patient/history — 200 — 0.001s
2025-12-13 14:43:03,665 — INFO — OPTIONS /patient/history — 200 — 0.007s
2025-12-13 14:43:04,107 — INFO — GET /patient/history — 200 — 0.439s
2025-12-13 14:43:04,487 — INFO — GET /patient/history — 200 — 0.374s
2025-12-13 14:43:12,213 — INFO — GET /patient/history — 200 — 0.368s
2025-12-13 14:43:12,583 — INFO — GET /patient/history — 200 — 0.358s
2025-12-13 14:43:14,837 — INFO — GET /auth/me — 200 — 0.271s
2025-12-13 14:43:14,903 — INFO — GET /patient/history — 200 — 0.37s
2025-12-13 14:43:16,494 — INFO — GET /auth/me — 200 — 1.648s
2025-12-13 14:43:16,626 — INFO — GET /patient/history — 200 — 1.717s
2025-12-13 14:43:19,721 — INFO — GET /auth/me — 200 — 0.272s
2025-12-13 14:43:19,994 — INFO — GET /auth/me — 200 — 0.269s
2025-12-13 14:44:36,615 — INFO — GET /auth/me — 200 — 0.513s
2025-12-13 14:44:37,066 — INFO — GET /auth/me — 200 — 0.391s
2025-12-13 14:44:41,807 — INFO — GET /auth/me — 200 — 0.351s
2025-12-13 14:44:42,117 — INFO — GET /auth/me — 200 — 0.305s
2025-12-13 14:44:43,232 — INFO — GET /auth/me — 200 — 0.321s
2025-12-13 14:44:43,511 — INFO — GET /auth/me — 200 — 0.278s
2025-12-13 14:44:45,823 — INFO — GET /auth/me — 200 — 0.306s
2025-12-13 14:44:46,100 — INFO — GET /auth/me — 200 — 0.275s
2025-12-13 14:48:21,957 — INFO — OPTIONS /auth/login — 200 — 0.006s
2025-12-13 14:48:22,939 — INFO — POST /auth/login — 200 — 0.642s
2025-12-13 14:48:23,339 — INFO — OPTIONS /auth/me — 200 — 0.001s
2025-12-13 14:48:23,341 — INFO — OPTIONS /auth/me — 200 — 0.002s
2025-12-13 14:48:23,968 — INFO — GET /auth/me — 200 — 0.313s
2025-12-13 14:48:24,275 — INFO — GET /auth/me — 200 — 0.304s
2025-12-13 14:48:27,024 — INFO — GET /auth/me — 200 — 0.311s
2025-12-13 14:48:27,359 — INFO — GET /auth/me — 200 — 0.332s
2025-12-13 14:48:28,299 — INFO — GET /auth/me — 200 — 0.391s
2025-12-13 14:48:28,579 — INFO — GET /auth/me — 200 — 0.276s
2025-12-13 14:48:32,607 — INFO — GET /auth/me — 200 — 0.289s
2025-12-13 14:48:32,879 — INFO — GET /auth/me — 200 — 0.269s
2025-12-13 14:48:36,146 — INFO — GET /auth/me — 200 — 0.341s
2025-12-13 14:48:36,429 — INFO — GET /auth/me — 200 — 0.274s
2025-12-13 14:48:37,320 — INFO — GET /auth/me — 200 — 0.285s
2025-12-13 14:48:37,620 — INFO — GET /auth/me — 200 — 0.296s
2025-12-13 14:48:39,126 — INFO — GET /auth/me — 200 — 0.333s
2025-12-13 14:48:39,407 — INFO — GET /auth/me — 200 — 0.279s
2025-12-13 14:48:40,387 — INFO — GET /auth/me — 200 — 0.305s
2025-12-13 14:48:40,679 — INFO — GET /auth/me — 200 — 0.287s
2025-12-13 14:48:44,034 — INFO — GET /auth/me — 200 — 0.311s
2025-12-13 14:48:44,322 — INFO — GET /auth/me — 200 — 0.278s
2025-12-13 14:48:45,297 — INFO — GET /auth/me — 200 — 0.329s
2025-12-13 14:48:45,591 — INFO — GET /auth/me — 200 — 0.286s
2025-12-13 14:48:47,290 — INFO — GET /auth/me — 200 — 0.331s
2025-12-13 14:48:47,572 — INFO — GET /auth/me — 200 — 0.273s
2025-12-13 14:55:03,462 — INFO — OPTIONS /patient/history — 200 — 0.007s
2025-12-13 14:55:03,487 — INFO — OPTIONS /patient/history — 200 — 0.03s
2025-12-13 14:55:05,571 — INFO — GET /patient/history — 200 — 1.765s
2025-12-13 14:55:06,530 — INFO — GET /patient/history — 200 — 0.951s
2025-12-13 14:55:07,428 — INFO — GET /patient/history — 200 — 0.893s
2025-12-13 14:55:08,344 — INFO — GET /patient/history — 200 — 0.913s
2025-12-13 14:55:11,209 — INFO — GET /auth/me — 200 — 0.293s
2025-12-13 14:55:11,524 — INFO — GET /auth/me — 200 — 0.311s
2025-12-13 14:55:11,860 — INFO — GET /patient/history — 200 — 1.004s
2025-12-13 14:55:12,230 — INFO — GET /patient/history — 200 — 0.364s
2025-12-13 14:55:16,389 — INFO — GET /auth/me — 200 — 0.293s
2025-12-13 14:55:16,693 — INFO — GET /auth/me — 200 — 0.298s
2025-12-13 14:56:57,055 — INFO — GET /auth/me — 200 — 0.338s
2025-12-13 14:56:57,389 — INFO — GET /auth/me — 200 — 0.32s
2025-12-13 14:56:58,311 — INFO — GET /auth/me — 200 — 0.286s
2025-12-13 14:56:58,596 — INFO — GET /auth/me — 200 — 0.281s
2025-12-13 15:08:49,745 — INFO — OPTIONS /auth/me — 200 — 0.021s
2025-12-13 15:08:49,775 — INFO — OPTIONS /auth/me — 200 — 0.039s
2025-12-13 15:08:51,672 — INFO — GET /auth/me — 200 — 1.579s
2025-12-13 15:09:13,663 — INFO — GET /auth/me — 200 — 21.981s
2025-12-13 15:09:13,999 — INFO — GET /auth/me — 200 — 0.332s
2025-12-13 15:09:14,242 — INFO — GET /auth/me — 200 — 0.898s
2025-12-13 15:09:14,342 — INFO — GET /auth/me — 200 — 0.327s
2025-12-13 15:09:14,628 — INFO — GET /auth/me — 200 — 0.282s
2025-12-13 15:09:14,910 — INFO — GET /auth/me — 200 — 0.282s
2025-12-13 15:09:15,209 — INFO — GET /auth/me — 200 — 0.297s
2025-12-13 15:09:15,501 — INFO — GET /auth/me — 200 — 0.287s
2025-12-13 15:09:15,774 — INFO — GET /auth/me — 200 — 0.269s
2025-12-13 15:09:16,099 — INFO — GET /auth/me — 200 — 0.325s
2025-12-13 15:09:16,428 — INFO — GET /auth/me — 200 — 0.293s
2025-12-13 15:09:16,696 — INFO — GET /auth/me — 200 — 0.265s
2025-12-13 15:09:16,999 — INFO — GET /auth/me — 200 — 0.296s
2025-12-13 15:09:17,262 — INFO — GET /auth/me — 200 — 0.259s
2025-12-13 15:09:19,554 — INFO — GET /auth/me — 200 — 0.274s
2025-12-13 15:09:19,874 — INFO — GET /auth/me — 200 — 0.319s
2025-12-13 15:09:35,590 — INFO — GET /auth/me — 200 — 22.249s
2025-12-13 15:09:58,901 — INFO — OPTIONS /predict/anemia — 200 — 0.0s
2025-12-13 15:09:59,323 — INFO — POST /predict/anemia — 200 — 0.416s
2025-12-13 15:10:10,104 — INFO — GET /auth/me — 200 — 0.387s
2025-12-13 15:10:10,422 — INFO — GET /auth/me — 200 — 0.313s
2025-12-13 15:11:28,305 — INFO — POST /predict-xray/ — 307 — 0.039s
2025-12-13 15:11:28,430 — INFO — [Xray Upload] File received: Xray dummy.jpg, type=image/jpeg
2025-12-13 15:11:28,447 — INFO — [Xray Stored] Saved temp file at xray_temp\232250e4-7a11-42cd-a2b6-2424ee044a1d.jpg
2025-12-13 15:11:32,475 — INFO — [Xray Prediction] label=NORMAL, confidence=0.9699, file=232250e4-7a11-42cd-a2b6-2424ee044a1d.jpg
2025-12-13 15:11:32,477 — INFO — POST /predict-xray — 200 — 4.129s
2025-12-13 15:11:39,324 — INFO — GET /auth/me — 200 — 0.407s
2025-12-13 15:11:39,652 — INFO — GET /auth/me — 200 — 0.321s
2025-12-13 15:12:04,258 — INFO — [OCR Upload] Received file: Report File_Ck.docx, type=application/vnd.openxmlformats-officedocument.wordprocessingml.document
2025-12-13 15:12:04,258 — WARNING — [OCR Blocked] Invalid file type application/vnd.openxmlformats-officedocument.wordprocessingml.document for file Report File_Ck.docx
2025-12-13 15:12:04,263 — INFO — POST /ocr/extract — 400 — 0.065s
2025-12-13 15:12:06,833 — INFO — [OCR Upload] Received file: Report File_Ck.docx, type=application/vnd.openxmlformats-officedocument.wordprocessingml.document
2025-12-13 15:12:06,833 — WARNING — [OCR Blocked] Invalid file type application/vnd.openxmlformats-officedocument.wordprocessingml.document for file Report File_Ck.docx
2025-12-13 15:12:06,833 — INFO — POST /ocr/extract — 400 — 0.016s
2025-12-13 15:12:07,615 — INFO — [OCR Upload] Received file: Report File_Ck.docx, type=application/vnd.openxmlformats-officedocument.wordprocessingml.document
2025-12-13 15:12:07,615 — WARNING — [OCR Blocked] Invalid file type application/vnd.openxmlformats-officedocument.wordprocessingml.document for file Report File_Ck.docx
2025-12-13 15:12:07,616 — INFO — POST /ocr/extract — 400 — 0.019s
2025-12-13 15:12:10,987 — INFO — [OCR Upload] Received file: Report File_Ck.docx, type=application/vnd.openxmlformats-officedocument.wordprocessingml.document
2025-12-13 15:12:10,987 — WARNING — [OCR Blocked] Invalid file type application/vnd.openxmlformats-officedocument.wordprocessingml.document for file Report File_Ck.docx
2025-12-13 15:12:10,987 — INFO — POST /ocr/extract — 400 — 0.018s
2025-12-13 15:12:12,350 — INFO — [OCR Upload] Received file: Report File_Ck.docx, type=application/vnd.openxmlformats-officedocument.wordprocessingml.document
2025-12-13 15:12:12,351 — WARNING — [OCR Blocked] Invalid file type application/vnd.openxmlformats-officedocument.wordprocessingml.document for file Report File_Ck.docx
2025-12-13 15:12:12,351 — INFO — POST /ocr/extract — 400 — 0.018s
2025-12-13 15:12:27,794 — INFO — [OCR Upload] Received file: lipid-test.pdf, type=application/pdf
2025-12-13 15:12:27,797 — INFO — [OCR Store] File saved to ocr_uploads/lipid-test.pdf
2025-12-13 15:12:27,798 — INFO — [OCR PDF] Converting PDF lipid-test.pdf to images
2025-12-13 15:12:33,636 — INFO — [OCR PDF] Using converted image: ocr_temp\page_1.jpg
2025-12-13 15:12:33,637 — INFO — [OCR EasyOCR] Running EasyOCR on ocr_temp\page_1.jpg
2025-12-13 15:15:14,292 — INFO — [OCR Success] Extracted text length: 1807
2025-12-13 15:15:14,316 — INFO — [OCR Values] Extracting numeric values
2025-12-13 15:15:14,334 — INFO — [OCR Values] Raw={'total_cholesterol': 40.0, 'ldl': 190.0, 'hdl': 50.0, 'triglycerides': 100.0, 'vldl': 10.0, 'sgpt': 689578.0, 'sgot': 2.0}
2025-12-13 15:15:14,335 — INFO — [OCR Values] Cleaned={'total_cholesterol': 40.0, 'ldl': 190.0, 'hdl': 50.0, 'triglycerides': 100.0, 'vldl': 10.0, 'sgpt': 689578.0, 'sgot': 2.0}
2025-12-13 15:15:14,338 — INFO — [OCR Build] Building structured report
2025-12-13 15:15:14,341 — INFO — [OCR Completed] Report structure generated successfully
2025-12-13 15:15:14,389 — INFO — POST /ocr/extract — 200 — 166.598s
2025-12-13 15:16:50,145 — INFO — GET /auth/me — 200 — 0.463s
2025-12-13 15:16:50,490 — INFO — GET /auth/me — 200 — 0.322s
2025-12-13 15:17:07,017 — INFO — OPTIONS /recommend — 200 — 0.003s
2025-12-13 15:17:07,352 — INFO — [Recommendation Request] disease=ckd, probability=0.92
2025-12-13 15:17:07,354 — INFO — [Recommendation Success] Disease=ckd, Risk=High CKD Risk
2025-12-13 15:17:07,360 — INFO — POST /recommend — 200 — 0.035s
2025-12-13 15:17:12,959 — INFO — GET /auth/me — 200 — 0.322s
2025-12-13 15:17:13,312 — INFO — GET /auth/me — 200 — 0.349s
2025-12-17 00:36:40,722 — INFO — GET /docs — 200 — 0.04s
2025-12-17 00:36:41,750 — INFO — GET /openapi.json — 200 — 0.695s
2025-12-17 00:37:01,430 — INFO — OPTIONS /auth/login — 200 — 0.008s
2025-12-17 00:37:02,806 — INFO — POST /auth/login — 400 — 1.014s
2025-12-17 00:37:07,710 — INFO — POST /auth/login — 400 — 0.422s
2025-12-17 00:37:32,830 — INFO — OPTIONS /auth/register — 200 — 0.022s
2025-12-17 00:49:22,720 — INFO — OPTIONS /auth/register — 200 — 0.006s
2025-12-17 00:57:57,036 — INFO — OPTIONS /auth/login — 200 — 0.0s
2025-12-17 00:57:57,380 — INFO — POST /auth/login — 422 — 0.013s
2025-12-17 00:58:36,153 — INFO — POST /auth/register — 200 — 1.502s
2025-12-17 00:59:03,770 — INFO — POST /auth/login — 422 — 0.014s
2025-12-17 01:02:54,438 — INFO — POST /auth/login — 422 — 0.027s
2025-12-17 01:02:54,440 — INFO — POST /auth/login — 422 — 0.029s
2025-12-17 01:02:54,442 — INFO — POST /auth/login — 422 — 0.031s
2025-12-17 01:02:54,446 — INFO — POST /auth/login — 422 — 0.035s
2025-12-17 01:02:54,448 — INFO — POST /auth/login — 422 — 0.036s
2025-12-17 01:02:54,449 — INFO — POST /auth/login — 422 — 0.038s
2025-12-17 01:09:35,306 — INFO — OPTIONS /auth/login — 200 — 0.007s
2025-12-17 01:09:35,307 — INFO — OPTIONS /auth/login — 200 — 0.008s
2025-12-17 01:09:35,310 — INFO — OPTIONS /auth/login — 200 — 0.011s
2025-12-17 01:10:20,536 — INFO — OPTIONS /auth/register — 200 — 0.0s
2025-12-17 01:10:22,812 — INFO — POST /auth/register — 200 — 1.762s
2025-12-17 01:15:01,305 — INFO — POST /auth/login — 422 — 0.019s
2025-12-17 01:15:01,305 — INFO — POST /auth/login — 422 — 0.017s
2025-12-17 01:15:01,324 — INFO — POST /auth/login — 422 — 0.034s
2025-12-17 01:20:04,377 — INFO — OPTIONS /auth/login — 200 — 0.01s
2025-12-17 01:20:07,134 — INFO — POST /auth/login — 200 — 2.405s
2025-12-17 01:20:07,335 — INFO — OPTIONS /auth/me — 200 — 0.0s
2025-12-17 01:20:07,371 — INFO — OPTIONS /auth/me — 200 — 0.019s
2025-12-17 01:20:07,762 — INFO — GET /auth/me — 200 — 0.369s
2025-12-17 01:20:08,610 — INFO — GET /auth/me — 200 — 0.839s
2025-12-17 01:22:00,862 — INFO — OPTIONS /patient/symptoms — 200 — 0.005s
2025-12-17 01:22:01,818 — INFO — POST /patient/symptoms — 200 — 0.624s
2025-12-17 01:22:07,661 — INFO — POST /patient/symptoms — 200 — 0.415s
2025-12-17 01:22:16,358 — INFO — GET /auth/me — 200 — 0.324s
2025-12-17 01:22:16,786 — INFO — GET /auth/me — 200 — 0.419s
2025-12-17 01:22:34,288 — INFO — OPTIONS /patient/upload/report — 200 — 0.0s
2025-12-17 01:22:34,608 — INFO — POST /patient/upload/report — 404 — 0.005s
2025-12-17 01:22:46,772 — INFO — GET /auth/me — 200 — 0.31s
2025-12-17 01:22:47,089 — INFO — GET /auth/me — 200 — 0.309s
2025-12-17 01:22:52,912 — INFO — GET /auth/me — 200 — 0.32s
2025-12-17 01:22:53,233 — INFO — GET /auth/me — 200 — 0.304s
2025-12-17 01:22:57,291 — INFO — GET /auth/me — 200 — 0.311s
2025-12-17 01:22:57,605 — INFO — GET /auth/me — 200 — 0.301s
2025-12-17 01:23:00,923 — INFO — GET /auth/me — 200 — 0.327s
2025-12-17 01:23:01,232 — INFO — GET /auth/me — 200 — 0.299s
2025-12-17 01:23:05,069 — INFO — GET /auth/me — 200 — 0.317s
2025-12-17 01:23:05,379 — INFO — GET /auth/me — 200 — 0.296s
2025-12-17 01:23:15,401 — INFO — POST /predict-xray/ — 307 — 0.018s
2025-12-17 01:23:15,495 — INFO — [Xray Upload] File received: Xray dummy.jpg, type=image/jpeg
2025-12-17 01:23:15,504 — INFO — [Xray Stored] Saved temp file at xray_temp\96dd99bc-9895-492b-8093-710eae1e9613.jpg
2025-12-17 01:23:15,685 — ERROR — [Xray Prediction Error] 'NoneType' object has no attribute 'predict'
2025-12-17 01:23:15,687 — INFO — POST /predict-xray — 500 — 0.263s
2025-12-17 01:23:22,909 — INFO — GET /auth/me — 200 — 0.351s
2025-12-17 01:23:23,247 — INFO — GET /auth/me — 200 — 0.327s
2025-12-17 01:23:34,544 — INFO — [OCR Upload] Received file: medical-summary-report-form_1.png, type=image/png
2025-12-17 01:23:34,548 — INFO — [OCR Store] File saved to ocr_uploads/medical-summary-report-form_1.png
2025-12-17 01:23:34,548 — INFO — [OCR EasyOCR] Running EasyOCR on ocr_uploads/medical-summary-report-form_1.png
2025-12-17 01:24:30,325 — INFO — [OCR Success] Extracted text length: 1898
2025-12-17 01:24:30,348 — INFO — [OCR Values] Extracting numeric values
2025-12-17 01:24:30,368 — INFO — [OCR Values] Raw={'sgot': 8.0}
2025-12-17 01:24:30,368 — INFO — [OCR Values] Cleaned={'sgot': 8.0}
2025-12-17 01:24:30,377 — INFO — [OCR Build] Building structured report
2025-12-17 01:24:30,383 — INFO — [OCR Completed] Report structure generated successfully
2025-12-17 01:24:30,487 — INFO — POST /ocr/extract — 200 — 55.97s
2025-12-17 01:24:51,067 — INFO — GET /auth/me — 200 — 0.607s
2025-12-17 01:24:51,514 — INFO — GET /auth/me — 200 — 0.421s
2025-12-17 01:25:03,206 — INFO — OPTIONS /predict/anemia — 200 — 0.0s
2025-12-17 01:25:03,653 — INFO — POST /predict/anemia — 200 — 0.433s
2025-12-17 01:25:15,311 — INFO — OPTIONS /predict-diabetes — 200 — 0.001s
2025-12-17 01:25:15,662 — INFO — POST /predict-diabetes — 200 — 0.339s
2025-12-17 01:25:52,202 — INFO — OPTIONS /predict/heart — 200 — 0.003s
2025-12-17 01:25:52,522 — INFO — POST /predict/heart — 200 — 0.291s
2025-12-17 01:26:43,372 — INFO — OPTIONS /predict-ckd — 200 — 0.004s
2025-12-17 01:26:43,863 — INFO — POST /predict-ckd — 200 — 0.139s
2025-12-17 01:34:14,116 — INFO — OPTIONS /auth/me — 200 — 0.0s
2025-12-17 01:34:14,116 — INFO — POST /predict-xray/ — 404 — 0.0s
2025-12-17 01:34:14,126 — INFO — OPTIONS /auth/me — 200 — 0.01s
2025-12-17 01:34:14,941 — INFO — GET /auth/me — 200 — 0.428s
2025-12-17 01:34:16,067 — INFO — GET /auth/me — 200 — 1.103s
2025-12-17 01:37:57,550 — INFO — POST /predict-xray/ — 307 — 0.011s
2025-12-17 01:37:57,753 — INFO — [Xray] Loading CNN model...
2025-12-17 01:37:58,430 — ERROR — [Xray Prediction Error] Cannot assign value to variable ' conv2d_1/kernel:0': Shape mismatch.The variable shape (3, 3, 16, 32), and the assigned value shape (3, 3, 32, 64) are incompatible.
2025-12-17 01:37:58,443 — INFO — POST /predict-xray — 500 — 0.757s
2025-12-17 01:37:58,455 — INFO — GET /auth/me — 200 — 0.916s
2025-12-17 01:37:58,550 — INFO — GET /auth/me — 200 — 1.01s
2025-12-17 01:39:08,031 — INFO — GET /auth/me — 200 — 0.659s
2025-12-17 01:39:08,480 — INFO — GET /auth/me — 200 — 0.407s
2025-12-17 01:39:26,978 — INFO — OPTIONS /patient/upload/report — 200 — 0.007s
2025-12-17 01:39:27,320 — INFO — POST /patient/upload/report — 404 — 0.014s
2025-12-17 01:39:45,388 — INFO — GET /auth/me — 200 — 0.386s
2025-12-17 01:39:45,795 — INFO — GET /auth/me — 200 — 0.396s
2025-12-17 01:39:56,451 — INFO — POST /patient/upload/report — 404 — 0.005s
2025-12-17 01:42:18,624 — INFO — POST /predict-xray/ — 307 — 0.0s
2025-12-17 01:42:18,648 — INFO — [Xray] Received file: Xray dummy.jpg
2025-12-17 01:42:18,734 — INFO — [Xray] Loading CNN model...
2025-12-17 01:42:19,259 — ERROR — [Xray Error] Could not locate function 'binary_crossentropy'. Make sure custom classes are decorated with `@keras.utils.register_keras_serializable`. Full object config: {'module': 'builtins', 'class_name': 'function', 'config': 'binary_crossentropy', 'registered_name': 'function'}
2025-12-17 01:42:19,259 — INFO — POST /predict-xray — 500 — 0.623s
2025-12-17 01:46:08,715 — INFO — OPTIONS /auth/me — 200 — 0.002s
2025-12-17 01:46:08,717 — INFO — OPTIONS /auth/me — 200 — 0.004s
2025-12-17 01:46:08,720 — INFO — POST /predict-xray/ — 404 — 0.007s
2025-12-17 01:46:08,724 — INFO — OPTIONS /auth/me — 200 — 0.011s
2025-12-17 01:46:08,724 — INFO — OPTIONS /auth/me — 200 — 0.011s
2025-12-17 01:46:09,565 — INFO — GET /auth/me — 200 — 0.406s
2025-12-17 01:46:10,570 — INFO — GET /auth/me — 200 — 0.987s
2025-12-17 10:37:07,922 — INFO — GET /docs — 200 — 0.002s
2025-12-17 10:37:08,634 — INFO — GET /openapi.json — 200 — 0.248s
2025-12-17 10:37:29,104 — INFO — OPTIONS /auth/login — 200 — 0.005s
2025-12-17 10:37:30,893 — INFO — POST /auth/login — 401 — 1.435s
2025-12-17 10:38:10,825 — INFO — OPTIONS /auth/register — 200 — 0.003s
2025-12-17 10:38:13,467 — INFO — POST /auth/register — 200 — 2.325s
2025-12-17 10:38:31,808 — INFO — POST /auth/login — 200 — 0.676s
2025-12-17 10:38:32,318 — INFO — OPTIONS /auth/me — 200 — 0.004s
2025-12-17 10:38:32,326 — INFO — OPTIONS /auth/me — 200 — 0.01s
2025-12-17 10:38:32,780 — INFO — GET /auth/me — 200 — 0.445s
2025-12-17 10:38:34,061 — INFO — GET /auth/me — 200 — 1.275s
2025-12-17 11:25:06,411 — INFO — OPTIONS /auth/register — 200 — 0.013s
2025-12-17 11:25:10,376 — INFO — POST /auth/register — 200 — 3.579s
2025-12-17 11:25:34,352 — INFO — OPTIONS /auth/login — 200 — 0.0s
2025-12-17 11:25:35,347 — INFO — POST /auth/login — 200 — 0.679s
2025-12-17 11:25:35,522 — INFO — OPTIONS /auth/me — 200 — 0.0s
2025-12-17 11:25:35,557 — INFO — OPTIONS /auth/me — 200 — 0.002s
2025-12-17 11:25:36,155 — INFO — GET /auth/me — 200 — 0.549s
2025-12-17 11:25:36,713 — INFO — GET /auth/me — 200 — 0.549s
2025-12-17 11:26:05,623 — INFO — OPTIONS /recommend — 200 — 0.0s
2025-12-17 11:26:05,961 — INFO — [Recommendation Request] disease=anemia, probability=0.68
2025-12-17 11:26:05,968 — INFO — [Recommendation Success] Disease=anemia, Risk=Moderate Risk of Anemia
2025-12-17 11:26:05,972 — INFO — POST /recommend — 200 — 0.031s
2025-12-17 11:27:28,031 — INFO — [OCR Upload] Received file: lipid-test.pdf, type=application/pdf
2025-12-17 11:27:28,043 — INFO — [OCR Store] File saved to ocr_uploads/lipid-test.pdf
2025-12-17 11:27:28,043 — INFO — [OCR PDF] Converting PDF lipid-test.pdf to images
2025-12-17 11:27:39,578 — INFO — [OCR PDF] Using converted image: ocr_temp\page_1.jpg
2025-12-17 11:27:39,578 — INFO — [OCR EasyOCR] Running EasyOCR on ocr_temp\page_1.jpg
2026-01-03 18:29:29,021 — INFO — [OCR Success] Extracted text length: 1807
2026-01-03 18:29:29,037 — INFO — [OCR Values] Extracting numeric values
2026-01-03 18:29:29,054 — INFO — [OCR Values] Raw={'total_cholesterol': 40.0, 'ldl': 190.0, 'hdl': 50.0, 'triglycerides': 100.0, 'vldl': 10.0, 'sgpt': 689578.0, 'sgot': 2.0}
2026-01-03 18:29:29,054 — INFO — [OCR Values] Cleaned={'total_cholesterol': 40.0, 'ldl': 190.0, 'hdl': 50.0, 'triglycerides': 100.0, 'vldl': 10.0, 'sgpt': 689578.0, 'sgot': 2.0}
2026-01-03 18:29:29,060 — INFO — [OCR Build] Building structured report
2026-01-03 18:29:29,067 — INFO — [OCR Completed] Report structure generated successfully
2026-01-03 18:29:29,185 — INFO — POST /ocr/extract — 200 — 1494121.225s
2026-01-03 18:29:29,291 — INFO — OPTIONS /auth/me — 200 — 0.004s
2026-01-03 18:29:29,298 — INFO — OPTIONS /auth/me — 200 — 0.009s
2026-01-03 18:29:29,732 — INFO — GET /auth/me — 401 — 0.088s
2026-01-03 18:29:29,765 — INFO — GET /auth/me — 401 — 0.005s
2026-01-03 18:30:08,218 — INFO — GET /auth/me — 401 — 0.059s
2026-01-03 18:30:08,607 — INFO — GET /auth/me — 401 — 0.358s
2026-01-03 18:30:17,568 — INFO — GET /auth/me — 401 — 0.005s
2026-01-03 18:30:17,664 — INFO — GET /auth/me — 401 — 0.087s
2026-01-03 18:31:05,929 — INFO — OPTIONS /auth/register — 200 — 0.012s
2026-01-03 18:31:10,230 — INFO — POST /auth/register — 200 — 3.953s
2026-01-03 18:31:10,239 — INFO — POST /auth/register — 400 — 0.887s
2026-01-03 18:31:33,521 — INFO — OPTIONS /auth/login — 200 — 0.001s
2026-01-03 18:31:34,449 — INFO — POST /auth/login — 401 — 0.608s
2026-01-03 18:31:48,448 — INFO — POST /auth/login — 200 — 0.685s
2026-01-03 18:31:49,048 — INFO — GET /auth/me — 200 — 0.508s
2026-01-03 18:31:49,549 — INFO — GET /auth/me — 200 — 0.481s
2026-01-03 18:32:51,070 — INFO — OPTIONS /patient/symptoms — 200 — 0.0s
2026-01-03 18:32:52,201 — INFO — POST /patient/symptoms — 200 — 0.812s
2026-01-03 18:33:00,192 — INFO — POST /patient/symptoms — 200 — 0.394s
2026-01-03 18:33:06,451 — INFO — GET /auth/me — 200 — 0.277s
2026-01-03 18:33:06,695 — INFO — GET /auth/me — 200 — 0.234s
2026-01-03 18:33:35,188 — INFO — OPTIONS /patient/upload/report — 200 — 0.0s
2026-01-03 18:33:35,514 — INFO — POST /patient/upload/report — 404 — 0.006s
2026-01-03 18:34:54,159 — INFO — POST /patient/upload/report — 404 — 0.012s
2026-01-03 18:35:13,198 — INFO — POST /patient/upload/report — 404 — 0.006s
2026-01-03 18:35:17,552 — INFO — GET /auth/me — 200 — 0.629s
2026-01-03 18:35:17,862 — INFO — GET /auth/me — 200 — 0.297s
2026-01-03 18:35:29,641 — INFO — OPTIONS /recommend — 200 — 0.0s
2026-01-03 18:35:29,971 — INFO — [Recommendation Request] disease=anemia, probability=0.68
2026-01-03 18:35:29,980 — INFO — [Recommendation Success] Disease=anemia, Risk=Moderate Risk of Anemia
2026-01-03 18:35:29,985 — INFO — POST /recommend — 200 — 0.033s
2026-01-03 18:36:00,250 — INFO — [Recommendation Request] disease=ckd, probability=0.88
2026-01-03 18:36:00,253 — INFO — [Recommendation Success] Disease=ckd, Risk=High CKD Risk
2026-01-03 18:36:00,257 — INFO — POST /recommend — 200 — 0.011s
2026-01-03 18:36:04,501 — INFO — GET /auth/me — 200 — 0.388s
2026-01-03 18:36:04,781 — INFO — GET /auth/me — 200 — 0.26s
2026-01-03 18:36:21,244 — INFO — OPTIONS /predict/anemia — 200 — 0.0s
2026-01-03 18:36:21,827 — INFO — POST /predict/anemia — 200 — 0.576s
2026-01-03 18:36:35,705 — INFO — GET /auth/me — 200 — 0.306s
2026-01-03 18:36:35,947 — INFO — GET /auth/me — 200 — 0.233s
2026-01-03 18:36:38,144 — INFO — OPTIONS /predict-diabetes — 200 — 0.001s
2026-01-03 18:36:38,229 — INFO — POST /predict-diabetes — 200 — 0.077s
2026-01-03 18:36:49,008 — INFO — POST /predict-diabetes — 200 — 0.011s
2026-01-03 18:36:57,570 — INFO — POST /predict-diabetes — 200 — 0.011s
2026-01-03 18:36:58,431 — INFO — POST /predict-diabetes — 200 — 0.012s
2026-01-03 18:37:02,800 — INFO — POST /predict-diabetes — 200 — 0.015s
2026-01-03 18:37:03,542 — INFO — POST /predict-diabetes — 200 — 0.012s
2026-01-03 18:37:03,875 — INFO — POST /predict-diabetes — 200 — 0.016s
2026-01-03 18:37:08,768 — INFO — GET /auth/me — 200 — 0.652s
2026-01-03 18:37:09,109 — INFO — GET /auth/me — 200 — 0.327s
2026-01-03 18:37:32,615 — INFO — OPTIONS /predict/heart — 200 — 0.0s
2026-01-03 18:37:32,929 — INFO — POST /predict/heart — 200 — 0.304s
2026-01-03 18:37:42,501 — INFO — GET /auth/me — 200 — 0.272s
2026-01-03 18:37:42,763 — INFO — GET /auth/me — 200 — 0.247s
2026-01-03 18:38:22,002 — INFO — OPTIONS /predict-ckd — 200 — 0.005s
2026-01-03 18:38:22,490 — INFO — POST /predict-ckd — 200 — 0.103s
2026-01-03 18:38:31,299 — INFO — GET /auth/me — 200 — 0.306s
2026-01-03 18:38:31,557 — INFO — GET /auth/me — 200 — 0.25s
2026-01-03 18:38:41,858 — INFO — POST /predict-xray/ — 404 — 0.005s
2026-01-03 18:38:46,978 — INFO — GET /auth/me — 200 — 0.264s
2026-01-03 18:38:47,211 — INFO — GET /auth/me — 200 — 0.226s
2026-01-03 18:39:00,553 — INFO — [OCR Upload] Received file: lipid-test.pdf, type=application/pdf
2026-01-03 18:39:00,563 — INFO — [OCR Store] File saved to ocr_uploads/lipid-test.pdf
2026-01-03 18:39:00,563 — INFO — [OCR PDF] Converting PDF lipid-test.pdf to images
2026-01-03 18:39:02,445 — INFO — [OCR PDF] Using converted image: ocr_temp\page_1.jpg
2026-01-03 18:39:02,445 — INFO — [OCR EasyOCR] Running EasyOCR on ocr_temp\page_1.jpg
2026-01-03 18:46:09,465 — INFO — [OCR Success] Extracted text length: 1807
2026-01-03 18:46:09,490 — INFO — [OCR Values] Extracting numeric values
2026-01-03 18:46:09,498 — INFO — [OCR Values] Raw={'total_cholesterol': 40.0, 'ldl': 190.0, 'hdl': 50.0, 'triglycerides': 100.0, 'vldl': 10.0, 'sgpt': 689578.0, 'sgot': 2.0}
2026-01-03 18:46:09,498 — INFO — [OCR Values] Cleaned={'total_cholesterol': 40.0, 'ldl': 190.0, 'hdl': 50.0, 'triglycerides': 100.0, 'vldl': 10.0, 'sgpt': 689578.0, 'sgot': 2.0}
2026-01-03 18:46:09,500 — INFO — [OCR Build] Building structured report
2026-01-03 18:46:09,504 — INFO — [OCR Completed] Report structure generated successfully
2026-01-03 18:46:09,571 — INFO — POST /ocr/extract — 200 — 429.064s
2026-01-15 19:30:24,207 — INFO — GET /docs — 200 — 0.025s
2026-01-15 19:30:24,958 — INFO — GET /openapi.json — 200 — 0.466s
2026-01-15 19:31:44,703 — INFO — OPTIONS /auth/register — 200 — 0.0s
2026-01-15 19:31:46,953 — INFO — POST /auth/register — 200 — 1.906s
2026-01-15 19:32:13,110 — INFO — OPTIONS /auth/login — 200 — 0.0s
2026-01-15 19:32:13,858 — INFO — POST /auth/login — 200 — 0.42s
2026-01-15 19:32:13,995 — INFO — OPTIONS /auth/me — 200 — 0.001s
2026-01-15 19:32:14,000 — INFO — OPTIONS /auth/me — 200 — 0.001s
2026-01-15 19:32:14,268 — INFO — GET /auth/me — 200 — 0.255s
2026-01-15 19:32:15,341 — INFO — GET /auth/me — 200 — 1.056s
2026-01-15 19:34:00,053 — INFO — POST /auth/login — 200 — 0.642s
2026-01-15 19:34:00,780 — INFO — GET /auth/me — 200 — 0.319s
2026-01-15 19:34:01,052 — INFO — GET /auth/me — 200 — 0.265s
2026-01-15 19:40:39,811 — INFO — OPTIONS /patient/symptoms — 200 — 0.012s
2026-01-15 19:40:41,717 — INFO — POST /patient/symptoms — 200 — 1.557s
2026-01-15 19:41:08,888 — INFO — GET /auth/me — 200 — 0.825s
2026-01-15 19:41:09,129 — INFO — GET /auth/me — 200 — 0.229s
2026-01-15 19:41:16,087 — INFO — GET /auth/me — 200 — 0.254s
2026-01-15 19:41:16,311 — INFO — GET /auth/me — 200 — 0.217s
2026-01-15 19:45:46,528 — INFO — POST /patient/symptoms — 200 — 0.53s
2026-01-15 19:49:08,901 — INFO — OPTIONS /auth/me — 200 — 0.01s
2026-01-15 19:49:08,922 — INFO — OPTIONS /auth/me — 200 — 0.023s
2026-01-15 19:49:09,604 — INFO — GET /auth/me — 200 — 0.372s
2026-01-15 19:49:10,220 — INFO — GET /auth/me — 200 — 0.597s
2026-01-19 13:31:07,243 — INFO — GET /docs — 200 — 0.002s
2026-01-19 13:31:07,243 — INFO — GET /docs — 200 — 0.002s
2026-01-19 13:31:07,248 — INFO — GET /docs — 200 — 0.007s
2026-01-19 13:31:07,248 — INFO — GET /docs — 200 — 0.007s
2026-01-19 13:31:33,637 — INFO — GET /docs — 200 — 0.009s
2026-01-19 13:31:34,280 — INFO — GET /openapi.json — 200 — 0.304s
2026-01-19 13:32:50,597 — INFO — POST /patient/symptoms — 401 — 0.044s
2026-01-19 14:18:16,697 — INFO — OPTIONS /auth/login — 200 — 0.008s
2026-01-19 14:18:16,699 — INFO — OPTIONS /auth/login — 200 — 0.01s
2026-01-19 14:18:16,702 — INFO — GET /docs — 200 — 0.013s
2026-01-19 14:18:17,819 — INFO — POST /auth/register — 200 — 1.127s
2026-01-19 14:18:17,934 — INFO — POST /auth/login — 401 — 0.816s
2026-01-19 14:18:17,941 — INFO — POST /auth/login — 401 — 0.826s
2026-01-19 15:37:42,297 — INFO — GET /docs — 200 — 0.028s
2026-01-19 15:37:43,064 — INFO — GET /openapi.json — 200 — 0.524s
2026-01-19 15:38:54,911 — INFO — OPTIONS /auth/register — 200 — 0.004s
2026-01-19 15:38:56,826 — INFO — POST /auth/register — 400 — 1.593s
2026-01-19 15:39:26,208 — INFO — POST /auth/register — 200 — 0.821s
2026-01-19 15:39:46,272 — INFO — OPTIONS /auth/login — 200 — 0.002s
2026-01-19 15:39:46,986 — INFO — POST /auth/login — 200 — 0.399s
2026-01-19 15:39:47,260 — INFO — OPTIONS /auth/me — 200 — 0.001s
2026-01-19 15:39:47,282 — INFO — OPTIONS /auth/me — 200 — 0.0s
2026-01-19 15:39:47,527 — INFO — GET /auth/me — 200 — 0.234s
2026-01-19 15:39:48,249 — INFO — GET /auth/me — 200 — 0.715s
2026-01-19 15:50:26,164 — INFO — OPTIONS /patient/history — 200 — 0.012s
2026-01-19 15:50:26,194 — INFO — OPTIONS /patient/history — 200 — 0.051s
2026-01-19 15:50:27,884 — INFO — OPTIONS /auth/me — 200 — 0.001s
2026-01-19 15:50:27,897 — INFO — OPTIONS /auth/me — 200 — 0.005s
2026-01-19 15:50:28,011 — INFO — GET /patient/history — 200 — 1.494s
2026-01-19 15:50:28,563 — INFO — GET /auth/me — 200 — 0.667s
2026-01-19 15:50:28,726 — INFO — GET /patient/history — 200 — 0.702s
2026-01-19 15:50:29,176 — INFO — GET /auth/me — 200 — 0.605s
2026-01-19 16:01:12,568 — INFO — OPTIONS /predict/anemia — 200 — 0.011s
2026-01-19 16:01:13,145 — INFO — POST /predict/anemia — 200 — 0.547s
2026-01-19 16:01:25,358 — INFO — POST /predict/anemia — 200 — 0.021s
2026-01-19 16:01:26,689 — INFO — POST /predict/anemia — 200 — 0.012s
2026-01-19 16:01:39,916 — INFO — POST /predict/anemia — 200 — 0.014s
2026-01-19 16:02:12,576 — INFO — OPTIONS /auth/me — 200 — 0.009s
2026-01-19 16:02:12,578 — INFO — OPTIONS /auth/me — 200 — 0.011s
2026-01-19 16:02:14,120 — INFO — GET /auth/me — 200 — 1.221s
2026-01-19 16:02:14,787 — INFO — GET /auth/me — 200 — 0.656s
2026-01-19 16:02:20,760 — INFO — OPTIONS /predict-diabetes — 200 — 0.002s
2026-01-19 16:02:21,073 — INFO — POST /predict-diabetes — 200 — 0.304s
2026-01-19 16:03:17,615 — INFO — POST /predict/anemia — 200 — 0.029s
2026-01-19 16:03:33,361 — INFO — POST /predict-diabetes — 200 — 0.011s
2026-01-19 16:05:02,300 — INFO — POST /predict-diabetes — 200 — 0.009s
2026-01-19 16:05:03,148 — INFO — POST /predict-diabetes — 200 — 0.008s
2026-01-19 16:05:04,098 — INFO — POST /predict-diabetes — 200 — 0.013s
2026-01-19 16:05:05,313 — INFO — POST /predict-diabetes — 200 — 0.011s
2026-01-19 16:07:33,419 — INFO — POST /predict-diabetes — 200 — 0.023s
2026-01-19 16:07:34,429 — INFO — POST /predict-diabetes — 200 — 0.008s
2026-01-19 16:07:35,281 — INFO — POST /predict-diabetes — 200 — 0.01s
2026-01-19 16:16:49,865 — INFO — OPTIONS /auth/login — 200 — 0.01s
2026-01-19 16:16:54,671 — INFO — GET /docs — 200 — 0.01s
2026-01-19 16:16:55,000 — INFO — GET /openapi.json — 200 — 0.025s
2026-01-19 16:17:54,945 — INFO — POST /auth/login — 200 — 64.739s
2026-01-19 16:18:03,557 — INFO — POST /auth/login — 200 — 64.022s
2026-01-19 16:18:13,581 — INFO — POST /auth/login — 200 — 63.903s
2026-01-19 16:18:21,599 — INFO — POST /auth/login — 200 — 63.968s
2026-01-19 16:18:39,686 — INFO — POST /auth/login — 200 — 63.884s
2026-01-19 16:18:40,234 — INFO — OPTIONS /auth/me — 200 — 0.0s
2026-01-19 16:18:40,242 — INFO — OPTIONS /auth/me — 200 — 0.0s
2026-01-19 16:19:00,821 — INFO — GET /auth/me — 200 — 0.253s
2026-01-19 16:19:12,160 — INFO — POST /auth/login — 200 — 63.966s
2026-01-19 16:19:32,779 — INFO — GET /auth/me — 200 — 0.237s
2026-01-19 16:19:32,825 — INFO — GET /auth/me — 200 — 0.28s
2026-01-19 16:19:44,188 — INFO — GET /auth/me — 200 — 63.944s
2026-01-19 16:22:30,967 — INFO — OPTIONS /predict/heart — 200 — 0.007s
2026-01-19 16:22:31,518 — INFO — POST /predict/heart — 200 — 0.522s
2026-01-19 16:24:07,172 — INFO — POST /predict/heart — 200 — 0.012s
2026-01-19 16:41:34,530 — INFO — OPTIONS /auth/me — 200 — 0.025s
2026-01-19 16:41:34,560 — INFO — OPTIONS /auth/me — 200 — 0.048s
2026-01-19 16:41:36,504 — INFO — GET /auth/me — 200 — 1.626s
2026-01-19 16:41:37,280 — INFO — GET /auth/me — 200 — 0.763s
2026-01-19 16:44:41,875 — INFO — OPTIONS /predict-ckd — 200 — 0.003s
2026-01-19 16:44:42,467 — INFO — POST /predict-ckd — 200 — 0.263s
2026-01-19 16:48:12,079 — INFO — POST /predict-ckd — 200 — 0.04s
2026-01-19 16:48:50,978 — INFO — [OCR Upload] Received file: lipid.jpg, type=image/jpeg
2026-01-19 16:48:50,984 — INFO — [OCR Store] File saved to ocr_uploads/lipid.jpg
2026-01-19 16:48:50,986 — INFO — [OCR EasyOCR] Running EasyOCR on ocr_uploads/lipid.jpg
2026-01-19 16:48:56,427 — INFO — [OCR Success] Extracted text length: 36
2026-01-19 16:48:56,427 — INFO — [OCR Values] Extracting numeric values
2026-01-19 16:48:56,440 — INFO — [OCR Values] Raw={}
2026-01-19 16:48:56,442 — INFO — [OCR Values] Cleaned={}
2026-01-19 16:48:56,446 — INFO — [OCR Build] Building structured report
2026-01-19 16:48:56,450 — INFO — [OCR Completed] Report structure generated successfully
2026-01-19 16:48:56,451 — INFO — POST /ocr/extract — 200 — 5.59s
2026-01-19 16:49:11,634 — INFO — [OCR Upload] Received file: lipid-test.pdf, type=application/pdf
2026-01-19 16:49:11,638 — INFO — [OCR Store] File saved to ocr_uploads/lipid-test.pdf
2026-01-19 16:49:11,640 — INFO — [OCR PDF] Converting PDF lipid-test.pdf to images
2026-01-19 16:49:19,129 — INFO — [OCR PDF] Using converted image: ocr_temp\page_1.jpg
2026-01-19 16:49:19,131 — INFO — [OCR EasyOCR] Running EasyOCR on ocr_temp\page_1.jpg
2026-01-19 16:52:57,991 — INFO — [OCR Success] Extracted text length: 1807
2026-01-19 16:52:58,007 — INFO — [OCR Values] Extracting numeric values
2026-01-19 16:52:58,019 — INFO — [OCR Values] Raw={'total_cholesterol': 40.0, 'ldl': 190.0, 'hdl': 50.0, 'triglycerides': 100.0, 'vldl': 10.0, 'sgpt': 689578.0, 'sgot': 2.0}
2026-01-19 16:52:58,019 — INFO — [OCR Values] Cleaned={'total_cholesterol': 40.0, 'ldl': 190.0, 'hdl': 50.0, 'triglycerides': 100.0, 'vldl': 10.0, 'sgpt': 689578.0, 'sgot': 2.0}
2026-01-19 16:52:58,023 — INFO — [OCR Build] Building structured report
2026-01-19 16:52:58,026 — INFO — [OCR Completed] Report structure generated successfully
2026-01-19 16:52:58,062 — INFO — POST /ocr/extract — 200 — 226.437s
2026-01-20 23:17:18,869 — INFO — GET /docs — 200 — 0.145s
2026-01-20 23:17:20,335 — INFO — GET /openapi.json — 200 — 0.826s
2026-01-20 23:18:46,060 — INFO — OPTIONS /auth/login — 200 — 0.015s
2026-01-20 23:18:48,710 — INFO — POST /auth/login — 401 — 2.26s
2026-01-20 23:19:15,616 — INFO — POST /auth/login — 401 — 0.32s
2026-01-20 23:19:52,824 — INFO — OPTIONS /auth/register — 200 — 0.002s
2026-01-20 23:19:54,273 — INFO — POST /auth/register — 200 — 1.13s
2026-01-20 23:20:18,153 — INFO — POST /auth/login — 200 — 0.482s
2026-01-20 23:20:18,813 — INFO — OPTIONS /auth/me — 200 — 0.002s
2026-01-20 23:20:18,825 — INFO — OPTIONS /auth/me — 200 — 0.012s
2026-01-20 23:20:19,168 — INFO — GET /auth/me — 200 — 0.333s
2026-01-20 23:20:19,896 — INFO — GET /auth/me — 200 — 0.72s
2026-01-20 23:26:27,442 — INFO — OPTIONS /predict-diabetes — 200 — 0.016s
2026-01-21 12:57:37,401 — INFO — GET /docs — 200 — 0.022s
2026-01-21 12:57:38,232 — INFO — GET /openapi.json — 200 — 0.51s
2026-01-21 12:58:40,577 — INFO — OPTIONS /auth/login — 200 — 0.009s
2026-01-21 12:58:44,170 — INFO — POST /auth/login — 401 — 3.234s
2026-01-21 12:59:05,862 — INFO — POST /auth/login — 401 — 0.621s
2026-01-21 13:00:11,849 — INFO — OPTIONS /auth/register — 200 — 0.0s
2026-01-21 13:00:13,258 — INFO — POST /auth/register — 200 — 1.08s
2026-01-21 13:00:28,802 — INFO — POST /auth/login — 200 — 0.517s
2026-01-21 13:00:29,278 — INFO — OPTIONS /auth/me — 200 — 0.001s
2026-01-21 13:00:29,282 — INFO — OPTIONS /auth/me — 200 — 0.002s
2026-01-21 13:00:29,570 — INFO — GET /auth/me — 200 — 0.279s
2026-01-21 13:00:30,188 — INFO — GET /auth/me — 200 — 0.598s
2026-01-21 13:14:20,306 — INFO — GET /docs — 200 — 0.0s
2026-01-21 13:14:21,465 — INFO — GET /openapi.json — 200 — 0.252s
2026-01-21 13:14:35,502 — INFO — POST /predict-diabetes — 200 — 1.746s
2026-01-21 13:21:35,790 — INFO — GET /docs — 200 — 0.025s
2026-01-21 13:21:37,023 — INFO — GET /openapi.json — 200 — 0.398s
2026-01-21 13:21:58,874 — INFO — POST /predict-diabetes — 200 — 0.366s
2026-01-21 13:52:54,642 — INFO — GET /docs — 200 — 0.026s
2026-01-21 13:52:56,091 — INFO — GET /openapi.json — 200 — 0.462s
2026-01-21 13:59:35,509 — INFO — GET /docs — 200 — 0.006s
2026-01-21 13:59:36,201 — INFO — GET /openapi.json — 200 — 0.138s
2026-01-21 13:59:47,305 — INFO — POST /predict-diabetes — 200 — 0.482s
2026-01-21 14:02:14,698 — INFO — OPTIONS /predict-diabetes — 200 — 0.008s
2026-01-21 14:02:14,880 — INFO — POST /predict-diabetes — 200 — 0.15s
2026-01-21 14:09:11,381 — INFO — OPTIONS /auth/me — 200 — 0.005s
2026-01-21 14:09:11,404 — INFO — OPTIONS /auth/me — 200 — 0.027s
2026-01-21 14:09:11,961 — INFO — GET /auth/me — 401 — 0.233s
2026-01-21 14:09:11,973 — INFO — GET /auth/me — 401 — 0.004s
2026-01-21 15:23:18,440 — INFO — OPTIONS /auth/me — 200 — 0.012s
2026-01-21 15:23:18,490 — INFO — OPTIONS /auth/me — 200 — 0.069s
2026-01-21 15:23:18,883 — INFO — GET /auth/me — 401 — 0.063s
2026-01-21 15:23:18,904 — INFO — GET /auth/me — 401 — 0.009s
2026-01-21 15:25:17,424 — INFO — GET /auth/me — 401 — 0.048s
2026-01-21 15:25:17,491 — INFO — GET /auth/me — 401 — 0.041s
2026-01-21 15:25:21,117 — INFO — GET /auth/me — 401 — 0.005s
2026-01-21 15:25:21,136 — INFO — GET /auth/me — 401 — 0.012s
2026-01-21 15:25:27,450 — INFO — GET /auth/me — 401 — 0.004s
2026-01-21 15:25:27,468 — INFO — GET /auth/me — 401 — 0.006s
2026-01-21 15:29:51,966 — INFO — OPTIONS /predict-ckd — 200 — 0.009s
2026-01-21 15:29:52,536 — INFO — POST /predict-ckd — 200 — 0.215s
2026-01-21 15:32:23,496 — INFO — POST /predict-ckd — 200 — 0.01s
2026-01-21 15:36:55,800 — INFO — POST /predict-ckd — 200 — 0.096s
2026-01-21 15:54:15,473 — INFO — OPTIONS /predict-ckd — 200 — 0.0s
2026-01-21 15:54:15,947 — INFO — POST /predict-ckd — 200 — 0.107s
2026-01-21 19:45:22,190 — INFO — GET /docs — 200 — 0.003s
2026-01-21 19:45:23,442 — INFO — GET /openapi.json — 200 — 0.075s
2026-01-21 19:45:54,921 — INFO — OPTIONS /auth/login — 200 — 0.002s
2026-01-21 19:45:55,994 — INFO — POST /auth/login — 200 — 0.76s
2026-01-21 19:45:56,116 — INFO — OPTIONS /auth/me — 200 — 0.0s
2026-01-21 19:45:56,124 — INFO — OPTIONS /auth/me — 200 — 0.0s
2026-01-21 19:45:56,396 — INFO — GET /auth/me — 200 — 0.248s
2026-01-21 19:45:57,375 — INFO — GET /auth/me — 200 — 0.954s
2026-01-21 19:52:39,708 — INFO — OPTIONS /predict-ckd — 200 — 0.01s
2026-01-21 19:52:40,971 — INFO — POST /predict-ckd — 200 — 0.728s
2026-01-21 20:13:55,850 — INFO — OPTIONS /predict-ckd — 200 — 0.0s
2026-01-21 20:13:56,250 — INFO — POST /predict-ckd — 200 — 0.075s
2026-01-21 20:14:08,783 — INFO — POST /predict-ckd — 200 — 0.014s
2026-01-21 20:48:14,581 — INFO — OPTIONS /predict-ckd — 200 — 0.0s
2026-01-21 20:48:15,026 — INFO — POST /predict-ckd — 404 — 0.002s
2026-01-21 21:00:54,477 — INFO — OPTIONS /predict/ckd — 200 — 0.002s
2026-01-21 21:00:54,497 — INFO — POST /predict/ckd — 404 — 0.0s
2026-01-21 22:32:53,595 — INFO — OPTIONS /auth/me — 200 — 0.016s
2026-01-21 22:32:53,651 — INFO — OPTIONS /auth/me — 200 — 0.08s
2026-01-21 22:32:54,803 — INFO — GET /auth/me — 401 — 0.831s
2026-01-21 22:32:54,828 — INFO — GET /auth/me — 401 — 0.006s
2026-01-21 22:44:07,772 — INFO — GET /docs — 200 — 0.0s
2026-01-21 22:44:08,769 — INFO — GET /openapi.json — 200 — 0.206s
2026-01-21 22:44:18,095 — INFO — OPTIONS /auth/me — 200 — 0.004s
2026-01-21 22:44:18,115 — INFO — OPTIONS /auth/me — 200 — 0.022s
2026-01-21 22:44:18,435 — INFO — GET /auth/me — 401 — 0.014s
2026-01-21 22:44:18,451 — INFO — GET /auth/me — 401 — 0.004s
2026-01-21 22:58:26,311 — INFO — OPTIONS /auth/me — 200 — 0.017s
2026-01-21 22:58:26,361 — INFO — OPTIONS /auth/me — 200 — 0.075s
2026-01-21 22:58:26,816 — INFO — GET /auth/me — 401 — 0.136s
2026-01-21 22:58:26,834 — INFO — GET /auth/me — 401 — 0.007s
2026-01-21 23:03:34,000 — INFO — GET /auth/me — 401 — 0.054s
2026-01-21 23:03:34,043 — INFO — GET /auth/me — 401 — 0.017s
2026-01-21 23:03:42,020 — INFO — GET /auth/me — 401 — 0.032s
2026-01-21 23:03:42,040 — INFO — GET /auth/me — 401 — 0.011s
2026-01-21 23:03:45,180 — INFO — GET /auth/me — 401 — 0.013s
2026-01-21 23:03:45,197 — INFO — GET /auth/me — 401 — 0.004s
2026-01-21 23:04:17,254 — INFO — GET /auth/me — 401 — 0.033s
2026-01-21 23:04:17,299 — INFO — GET /auth/me — 401 — 0.021s
2026-01-21 23:04:26,660 — INFO — GET /auth/me — 401 — 0.003s
2026-01-21 23:04:26,675 — INFO — GET /auth/me — 401 — 0.007s
2026-01-21 23:05:02,982 — INFO — OPTIONS /auth/login — 200 — 0.004s
2026-01-21 23:05:05,324 — INFO — POST /auth/login — 401 — 2.026s
2026-01-21 23:05:46,588 — INFO — OPTIONS /auth/register — 200 — 0.009s
2026-01-21 23:05:48,134 — INFO — POST /auth/register — 200 — 1.223s
2026-01-21 23:06:02,386 — INFO — POST /auth/login — 200 — 0.403s
2026-01-21 23:06:02,844 — INFO — GET /auth/me — 200 — 0.245s
2026-01-21 23:06:03,792 — INFO — GET /auth/me — 200 — 0.943s
2026-01-21 23:19:54,300 — INFO — OPTIONS /predict/ckd — 200 — 0.009s
2026-01-21 23:19:54,443 — INFO — POST /predict/ckd — 422 — 0.098s
2026-01-22 11:59:13,482 — INFO — GET /docs — 200 — 0.02s
2026-01-22 11:59:14,239 — INFO — GET /openapi.json — 200 — 0.475s
2026-01-22 11:59:41,118 — INFO — OPTIONS /auth/login — 200 — 0.007s
2026-01-22 11:59:43,338 — INFO — POST /auth/login — 200 — 1.877s
2026-01-22 11:59:43,580 — INFO — OPTIONS /auth/me — 200 — 0.008s
2026-01-22 11:59:43,610 — INFO — OPTIONS /auth/me — 200 — 0.03s
2026-01-22 11:59:43,944 — INFO — GET /auth/me — 200 — 0.286s
2026-01-22 11:59:44,787 — INFO — GET /auth/me — 200 — 0.828s
2026-01-22 12:05:55,980 — INFO — OPTIONS /predict/ckd — 200 — 0.0s
2026-01-22 12:05:56,184 — INFO — POST /predict/ckd — 422 — 0.15s
2026-01-22 12:08:17,876 — INFO — POST /predict/ckd — 422 — 0.118s
2026-01-22 12:14:06,247 — INFO — OPTIONS /auth/me — 200 — 0.003s
2026-01-22 12:14:06,255 — INFO — OPTIONS /auth/me — 200 — 0.011s
2026-01-22 12:14:08,029 — INFO — GET /auth/me — 200 — 1.447s
2026-01-22 12:14:08,829 — INFO — GET /auth/me — 200 — 0.781s
2026-01-22 12:16:18,936 — INFO — OPTIONS /predict/ckd — 200 — 0.009s
2026-01-22 12:16:19,588 — INFO — POST /predict/ckd — 200 — 0.623s
2026-01-22 12:20:38,917 — INFO — OPTIONS /predict-diabetes — 200 — 0.007s
2026-01-22 12:20:39,475 — INFO — POST /predict-diabetes — 200 — 0.518s
2026-01-22 12:24:07,011 — INFO — GET /auth/me — 200 — 1.711s
2026-01-22 12:24:07,876 — INFO — GET /auth/me — 200 — 0.825s
2026-01-22 12:25:03,902 — INFO — POST /predict/ckd — 200 — 0.153s
2026-01-22 12:29:03,176 — INFO — OPTIONS /auth/me — 200 — 0.01s
2026-01-22 12:29:03,210 — INFO — OPTIONS /auth/me — 200 — 0.047s
2026-01-22 12:29:04,010 — INFO — GET /auth/me — 200 — 0.485s
2026-01-22 12:29:04,504 — INFO — GET /auth/me — 200 — 0.48s
2026-01-22 12:34:39,041 — INFO — OPTIONS /predict/ckd — 200 — 0.01s
2026-01-22 12:34:39,605 — INFO — POST /predict/ckd — 200 — 0.519s
2026-01-22 12:35:40,609 — INFO — OPTIONS /predict/anemia — 200 — 0.001s
2026-01-22 12:35:41,097 — INFO — POST /predict/anemia — 200 — 0.468s
2026-01-22 12:50:32,017 — INFO — OPTIONS /predict-diabetes — 200 — 0.009s
2026-01-22 12:50:32,326 — INFO — POST /predict-diabetes — 200 — 0.251s
2026-01-22 12:58:26,189 — INFO — POST /predict-diabetes — 200 — 0.207s
2026-01-22 13:14:38,667 — INFO — OPTIONS /predict-diabetes — 200 — 0.007s
2026-01-22 13:14:39,102 — INFO — POST /predict-diabetes — 200 — 0.389s
2026-01-22 13:19:49,244 — INFO — POST /predict-diabetes — 200 — 0.182s
2026-01-22 13:23:35,280 — INFO — POST /predict-diabetes — 200 — 0.135s
2026-01-22 13:23:39,854 — INFO — POST /predict-diabetes — 200 — 0.017s
2026-01-22 13:25:30,202 — INFO — OPTIONS /predict-diabetes — 200 — 0.007s
2026-01-22 13:25:30,278 — INFO — POST /predict-diabetes — 200 — 0.058s
2026-01-22 13:36:12,237 — INFO — OPTIONS /predict-diabetes — 200 — 0.0s
2026-01-22 13:36:12,427 — INFO — POST /predict-diabetes — 200 — 0.156s
2026-01-22 13:40:41,193 — INFO — POST /predict-diabetes — 200 — 0.215s
2026-01-22 13:44:48,619 — INFO — POST /predict-diabetes — 200 — 0.251s
2026-01-22 13:45:31,644 — INFO — POST /predict-diabetes — 200 — 0.164s
2026-01-22 13:46:12,566 — INFO — POST /predict-diabetes — 200 — 0.158s
2026-01-22 14:01:47,941 — INFO — OPTIONS /predict-diabetes — 200 — 0.002s
2026-01-22 14:01:48,223 — INFO — POST /predict-diabetes — 200 — 0.247s
2026-01-22 14:03:34,110 — INFO — POST /predict-diabetes — 200 — 0.157s
2026-01-22 14:05:21,521 — INFO — POST /predict-diabetes — 200 — 0.096s
2026-01-22 14:07:34,429 — INFO — POST /predict-diabetes — 200 — 0.034s
2026-01-22 14:22:14,572 — INFO — OPTIONS /predict/anemia — 200 — 0.003s
2026-01-22 14:22:14,847 — INFO — POST /predict/anemia — 200 — 0.245s
2026-01-22 14:23:02,303 — INFO — POST /predict/anemia — 200 — 0.063s
2026-01-22 14:23:05,986 — INFO — POST /predict/anemia — 200 — 0.011s
2026-01-22 14:23:11,304 — INFO — OPTIONS /auth/me — 200 — 0.004s
2026-01-22 14:23:11,305 — INFO — OPTIONS /auth/me — 200 — 0.003s
2026-01-22 14:23:11,716 — INFO — GET /auth/me — 401 — 0.098s
2026-01-22 14:23:11,728 — INFO — GET /auth/me — 401 — 0.004s
2026-01-22 14:23:28,074 — INFO — POST /predict/anemia — 200 — 0.009s
2026-01-22 14:23:52,761 — INFO — POST /predict/anemia — 200 — 0.012s
2026-01-22 14:23:53,609 — INFO — POST /predict/anemia — 200 — 0.013s
2026-01-22 14:24:16,367 — INFO — POST /predict/anemia — 200 — 0.026s
2026-01-22 14:24:18,694 — INFO — POST /predict/anemia — 200 — 0.016s
2026-01-22 14:24:47,515 — INFO — POST /predict/anemia — 200 — 0.011s
2026-01-22 14:24:48,245 — INFO — POST /predict/anemia — 200 — 0.006s
2026-01-22 14:34:24,267 — INFO — OPTIONS /auth/me — 200 — 0.014s
2026-01-22 14:34:24,295 — INFO — OPTIONS /auth/me — 200 — 0.05s
2026-01-22 14:34:25,211 — INFO — GET /auth/me — 401 — 0.602s
2026-01-22 14:34:25,232 — INFO — GET /auth/me — 401 — 0.008s
2026-01-22 15:34:16,092 — INFO — OPTIONS /auth/me — 200 — 0.01s
2026-01-22 15:34:16,120 — INFO — OPTIONS /auth/me — 200 — 0.039s
2026-01-22 15:34:16,518 — INFO — GET /auth/me — 401 — 0.079s
2026-01-22 15:34:16,529 — INFO — GET /auth/me — 401 — 0.004s
2026-01-22 15:51:19,071 — INFO — OPTIONS /predict-diabetes — 200 — 0.006s
2026-01-22 15:51:19,945 — INFO — POST /predict-diabetes — 200 — 0.826s
2026-01-22 15:53:47,412 — INFO — POST /predict-diabetes — 200 — 0.186s
2026-01-22 15:55:46,765 — INFO — POST /predict-diabetes — 200 — 0.126s
2026-01-22 15:57:32,668 — INFO — POST /predict-diabetes — 200 — 0.125s
2026-01-22 15:57:57,457 — INFO — OPTIONS /predict/anemia — 200 — 0.004s
2026-01-22 15:57:57,780 — INFO — POST /predict/anemia — 200 — 0.311s
2026-01-22 16:08:06,086 — INFO — OPTIONS /predict-diabetes — 200 — 0.002s
2026-01-22 16:08:06,352 — INFO — POST /predict-diabetes — 200 — 0.221s
2026-01-22 16:57:00,994 — INFO — OPTIONS /auth/me — 200 — 0.008s
2026-01-22 16:57:01,030 — INFO — OPTIONS /auth/me — 200 — 0.044s
2026-01-22 16:57:01,496 — INFO — GET /auth/me — 401 — 0.148s
2026-01-22 16:57:01,520 — INFO — GET /auth/me — 401 — 0.012s
2026-01-22 16:58:55,517 — INFO — OPTIONS /predict-diabetes — 200 — 0.011s
2026-01-22 16:58:55,725 — INFO — POST /predict-diabetes — 200 — 0.164s
2026-01-22 17:01:18,011 — INFO — POST /predict-diabetes — 200 — 0.197s
2026-01-22 19:11:04,747 — INFO — OPTIONS /predict/anemia — 200 — 0.015s
2026-01-22 19:11:05,260 — INFO — POST /predict/anemia — 200 — 0.43s
2026-01-23 19:01:06,260 — INFO — ✅ All ML models loaded successfully
2026-01-23 19:04:36,527 — INFO — GET /docs — 200 — 0.026s
2026-01-23 19:04:37,736 — INFO — GET /openapi.json — 200 — 0.745s
2026-01-23 19:08:24,270 — INFO — OPTIONS /auth/login — 200 — 0.003s
2026-01-23 19:08:26,783 — INFO — POST /auth/login — 200 — 2.167s
2026-01-23 19:08:26,952 — INFO — OPTIONS /auth/me — 200 — 0.009s
2026-01-23 19:08:26,968 — INFO — OPTIONS /auth/me — 200 — 0.023s
2026-01-23 19:08:27,249 — INFO — GET /auth/me — 200 — 0.268s
2026-01-23 19:08:28,257 — INFO — GET /auth/me — 200 — 1.001s
2026-01-23 19:08:52,672 — INFO — OPTIONS /predict/anemia — 200 — 0.001s
2026-01-23 19:08:52,930 — INFO — POST /predict/anemia — 200 — 0.255s
2026-01-23 19:14:04,502 — INFO — GET /auth/me — 200 — 1.791s
2026-01-23 19:14:05,362 — INFO — GET /auth/me — 200 — 0.813s
2026-01-23 19:16:20,300 — INFO — POST /predict/anemia — 200 — 0.208s
2026-01-23 19:16:46,360 — INFO — OPTIONS /recommend — 200 — 0.005s
2026-01-23 19:16:46,736 — INFO — [Recommendation Request] disease=anemia, probability=0.0015283928951248527
2026-01-23 19:16:46,741 — INFO — [Recommendation Success] Disease=anemia, Risk=Low Risk
2026-01-23 19:16:46,743 — INFO — POST /recommend — 200 — 0.041s
2026-01-23 20:51:37,253 — INFO — OPTIONS /auth/me — 200 — 0.016s
2026-01-23 20:51:37,374 — INFO — OPTIONS /auth/me — 200 — 0.135s
2026-01-23 20:51:37,871 — INFO — GET /auth/me — 401 — 0.169s
2026-01-23 20:51:37,897 — INFO — GET /auth/me — 401 — 0.01s
2026-01-25 13:41:25,534 — INFO — ✅ All ML models loaded successfully
2026-01-25 13:55:26,964 — INFO — GET /docs — 200 — 0.074s
2026-01-25 13:55:29,219 — INFO — GET /openapi.json — 200 — 1.829s
2026-01-25 13:56:30,538 — INFO — OPTIONS /auth/login — 200 — 0.029s
2026-01-25 13:56:34,440 — INFO — POST /auth/login — 200 — 3.519s
2026-01-25 13:56:34,904 — INFO — OPTIONS /auth/me — 200 — 0.0s
2026-01-25 13:56:34,908 — INFO — OPTIONS /auth/me — 200 — 0.004s
2026-01-25 13:56:35,165 — INFO — GET /auth/me — 200 — 0.241s
2026-01-25 13:56:35,951 — INFO — GET /auth/me — 200 — 0.773s
2026-01-25 13:57:18,236 — INFO — OPTIONS /predict/anemia — 200 — 0.002s
2026-01-25 13:57:18,787 — INFO — POST /predict/anemia — 200 — 0.539s
2026-01-26 12:35:25,866 — INFO — ✅ All ML models loaded successfully
2026-01-26 12:36:54,316 — INFO — GET /docs — 200 — 0.039s
2026-01-26 12:36:55,731 — INFO — GET /openapi.json — 200 — 0.561s
2026-01-26 12:37:21,856 — INFO — OPTIONS /auth/login — 200 — 0.013s
2026-01-26 12:37:26,957 — INFO — POST /auth/login — 200 — 4.756s
2026-01-26 12:37:27,122 — INFO — OPTIONS /auth/me — 200 — 0.001s
2026-01-26 12:37:27,149 — INFO — OPTIONS /auth/me — 200 — 0.0s
2026-01-26 12:37:27,554 — INFO — GET /auth/me — 200 — 0.396s
2026-01-26 12:37:28,207 — INFO — GET /auth/me — 200 — 0.579s
2026-01-26 12:38:05,903 — INFO — OPTIONS /predict/anemia — 200 — 0.0s
2026-01-26 12:38:06,519 — INFO — POST /predict/anemia — 200 — 0.588s
2026-01-26 12:38:23,186 — INFO — GET /auth/me — 200 — 0.688s
2026-01-26 12:38:23,436 — INFO — GET /auth/me — 200 — 0.229s
2026-01-26 12:39:54,552 — INFO — POST /predict/anemia — 200 — 0.379s
2026-01-26 12:40:22,387 — INFO — OPTIONS /recommend — 200 — 0.004s
2026-01-26 12:40:23,068 — INFO — [Recommendation Request] disease=anemia, probability=0.20151925086975098
2026-01-26 12:40:23,075 — INFO — [Recommendation Success] Disease=anemia, Risk=Low Risk
2026-01-26 12:40:23,075 — INFO — POST /recommend — 200 — 0.34s
2026-01-26 12:42:37,727 — INFO — POST /predict/anemia — 200 — 0.23s
2026-01-26 12:45:12,960 — INFO — GET /auth/me — 200 — 1.463s
2026-01-26 12:45:13,800 — INFO — GET /auth/me — 200 — 0.807s
2026-01-26 12:45:36,918 — INFO — POST /predict/anemia — 200 — 0.223s
2026-01-26 12:45:52,523 — INFO — OPTIONS /recommend — 200 — 0.003s
2026-01-26 12:45:52,540 — INFO — [Recommendation Request] disease=anemia, probability=0.9996939897537231
2026-01-26 12:45:52,542 — INFO — [Recommendation Success] Disease=anemia, Risk=High Risk of Anemia
2026-01-26 12:45:52,544 — INFO — POST /recommend — 200 — 0.014s
2026-01-26 12:50:59,694 — INFO — OPTIONS /auth/me — 200 — 0.01s
2026-01-26 12:50:59,726 — INFO — OPTIONS /auth/me — 200 — 0.046s
2026-01-26 12:51:02,080 — INFO — GET /auth/me — 200 — 2.012s
2026-01-26 12:51:02,849 — INFO — GET /auth/me — 200 — 0.745s
2026-01-26 12:54:25,455 — INFO — OPTIONS /predict/ckd — 200 — 0.004s
2026-01-26 12:54:26,098 — INFO — POST /predict/ckd — 422 — 0.608s
2026-01-26 12:58:57,864 — INFO — OPTIONS /predict/anemia — 200 — 0.009s
2026-01-26 12:58:58,296 — INFO — POST /predict/anemia — 200 — 0.389s
2026-01-26 12:59:07,413 — INFO — OPTIONS /recommend — 200 — 0.001s
2026-01-26 12:59:07,429 — INFO — [Recommendation Request] disease=anemia, probability=0.9984762072563171
2026-01-26 12:59:07,433 — INFO — [Recommendation Success] Disease=anemia, Risk=High Risk of Anemia
2026-01-26 12:59:07,435 — INFO — POST /recommend — 200 — 0.015s
2026-01-26 12:59:14,624 — INFO — GET /auth/me — 200 — 1.561s
2026-01-26 12:59:15,457 — INFO — GET /auth/me — 200 — 0.824s
2026-01-26 13:05:07,354 — INFO — OPTIONS /auth/me — 200 — 0.054s
2026-01-26 13:05:07,454 — INFO — OPTIONS /auth/me — 200 — 0.148s
2026-01-26 13:05:09,311 — INFO — GET /auth/me — 200 — 1.551s
2026-01-26 13:05:10,048 — INFO — GET /auth/me — 200 — 0.717s
2026-01-26 13:05:41,086 — INFO — POST /predict/anemia — 200 — 0.155s
2026-01-26 13:07:19,809 — INFO — POST /predict/anemia — 200 — 0.158s
2026-01-26 13:07:53,224 — INFO — POST /predict/anemia — 200 — 0.026s
2026-01-26 13:08:20,746 — INFO — POST /predict/anemia — 200 — 0.222s
2026-01-26 13:08:47,431 — INFO — POST /predict/anemia — 200 — 0.055s
2026-01-26 15:48:43,678 — INFO — OPTIONS /auth/me — 200 — 0.02s
2026-01-26 15:48:43,720 — INFO — OPTIONS /auth/me — 200 — 0.063s
2026-01-26 15:48:44,418 — INFO — GET /auth/me — 401 — 0.386s
2026-01-26 15:48:44,451 — INFO — GET /auth/me — 401 — 0.016s
2026-01-26 15:52:10,093 — INFO — GET /auth/me — 401 — 0.067s
2026-01-26 15:52:10,132 — INFO — GET /auth/me — 401 — 0.009s
2026-01-26 15:52:32,812 — INFO — OPTIONS /predict/anemia — 200 — 0.016s
2026-01-26 15:52:33,049 — INFO — POST /predict/anemia — 200 — 0.224s
2026-01-26 15:53:56,302 — INFO — POST /predict/anemia — 200 — 0.195s
2026-01-26 20:23:35,738 — INFO — ✅ All ML models loaded successfully
2026-01-26 20:43:42,058 — INFO — GET /docs — 200 — 0.035s
2026-01-26 20:43:43,191 — INFO — GET /openapi.json — 200 — 0.768s
2026-01-26 20:51:53,547 — INFO — OPTIONS /auth/login — 200 — 0.027s
2026-01-26 20:52:03,043 — INFO — POST /auth/login — 200 — 9.123s
2026-01-26 20:52:03,395 — INFO — OPTIONS /auth/me — 200 — 0.0s
2026-01-26 20:52:03,416 — INFO — OPTIONS /auth/me — 200 — 0.0s
2026-01-26 20:52:03,873 — INFO — GET /auth/me — 200 — 0.445s
2026-01-26 20:52:04,945 — INFO — GET /auth/me — 200 — 1.063s
2026-01-26 21:02:05,528 — INFO — OPTIONS /predict/anemia — 200 — 0.008s
2026-01-26 21:02:06,682 — INFO — POST /predict/anemia — 200 — 1.131s
2026-01-26 21:02:58,963 — INFO — POST /predict/anemia — 200 — 0.157s
2026-01-26 21:03:46,700 — INFO — POST /predict/anemia — 200 — 0.058s
2026-01-26 21:04:28,832 — INFO — POST /predict/anemia — 200 — 0.053s
2026-01-26 21:05:34,792 — INFO — POST /predict/anemia — 200 — 0.185s
2026-01-26 22:28:00,048 — INFO — OPTIONS /auth/me — 200 — 0.018s
2026-01-26 22:28:00,108 — INFO — OPTIONS /auth/me — 200 — 0.086s
2026-01-26 22:28:00,636 — INFO — GET /auth/me — 401 — 0.206s
2026-01-26 22:28:00,655 — INFO — GET /auth/me — 401 — 0.006s
2026-01-26 22:30:17,924 — INFO — OPTIONS /predict/heart — 200 — 0.158s
2026-01-26 22:30:19,333 — INFO — POST /predict/heart — 200 — 1.36s
2026-01-26 22:31:42,990 — INFO — POST /predict/heart — 200 — 0.069s
2026-01-26 22:33:06,753 — INFO — POST /predict/heart — 200 — 0.128s
2026-01-26 22:42:44,225 — INFO — OPTIONS /predict-diabetes — 200 — 0.015s
2026-01-26 22:42:45,286 — INFO — POST /predict-diabetes — 200 — 1.014s
2026-01-26 22:44:44,022 — INFO — POST /predict-diabetes — 200 — 0.157s
2026-01-26 22:46:09,159 — INFO — POST /predict-diabetes — 200 — 0.025s
2026-01-26 22:59:34,636 — INFO — OPTIONS /predict/ckd — 200 — 0.009s
2026-01-26 22:59:35,342 — INFO — POST /predict/ckd — 422 — 0.655s
2026-01-26 23:44:19,245 — INFO — OPTIONS /auth/me — 200 — 0.004s
2026-01-26 23:44:19,284 — INFO — OPTIONS /auth/me — 200 — 0.047s
2026-01-26 23:44:19,779 — INFO — GET /auth/me — 401 — 0.181s
2026-01-26 23:44:19,797 — INFO — GET /auth/me — 401 — 0.004s
2026-01-26 23:57:26,146 — INFO — ✅ All ML models loaded successfully
2026-01-26 23:57:51,253 — INFO — OPTIONS /predict/ckd — 200 — 0.0s
2026-01-26 23:57:51,328 — INFO — POST /predict/ckd — 422 — 0.046s
2026-01-26 23:59:21,464 — INFO — ✅ All ML models loaded successfully
2026-01-26 23:59:21,489 — INFO — OPTIONS /auth/me — 200 — 0.003s
2026-01-26 23:59:21,498 — INFO — OPTIONS /auth/me — 200 — 0.012s
2026-01-26 23:59:21,512 — INFO — POST /predict/ckd — 422 — 0.026s
2026-01-26 23:59:23,039 — INFO — GET /auth/me — 401 — 1.13s
2026-01-26 23:59:23,063 — INFO — GET /auth/me — 401 — 0.003s
2026-01-27 00:00:03,791 — INFO — POST /predict/ckd — 422 — 0.058s
2026-01-27 00:04:22,410 — INFO — POST /predict/ckd — 200 — 1.114s
2026-01-27 00:04:22,451 — INFO — OPTIONS /recommend — 200 — 0.002s
2026-01-27 00:04:23,223 — INFO — [Recommendation Request] disease=ckd, probability=0.5325860977172852
2026-01-27 00:04:23,227 — INFO — [Recommendation Success] Disease=ckd, Risk=Mild CKD Risk
2026-01-27 00:04:23,233 — INFO — POST /recommend — 200 — 0.77s
2026-01-27 14:37:11,740 — INFO — ✅ All ML models loaded successfully
2026-01-27 14:38:49,186 — INFO — GET /docs — 200 — 0.053s
2026-01-27 14:38:57,057 — INFO — GET /openapi.json — 200 — 2.035s
2026-01-27 14:39:32,734 — INFO — OPTIONS /auth/login — 200 — 0.01s
2026-01-27 14:39:35,629 — INFO — POST /auth/login — 200 — 2.554s
2026-01-27 14:39:35,926 — INFO — OPTIONS /auth/me — 200 — 0.002s
2026-01-27 14:39:36,093 — INFO — OPTIONS /auth/me — 200 — 0.002s
2026-01-27 14:39:36,442 — INFO — GET /auth/me — 200 — 0.315s
2026-01-27 14:39:37,416 — INFO — GET /auth/me — 200 — 0.959s
2026-01-27 14:41:28,993 — INFO — OPTIONS /predict/ckd — 200 — 0.01s
2026-01-27 14:41:29,631 — INFO — POST /predict/ckd — 200 — 0.604s
2026-01-27 14:41:29,650 — INFO — OPTIONS /recommend — 200 — 0.002s
2026-01-27 14:41:29,712 — INFO — [Recommendation Request] disease=ckd, probability=0.5103523135185242
2026-01-27 14:41:29,717 — INFO — [Recommendation Success] Disease=ckd, Risk=Mild CKD Risk
2026-01-27 14:41:29,719 — INFO — POST /recommend — 200 — 0.054s
2026-01-27 20:16:47,441 — INFO — ✅ All ML models loaded successfully
2026-01-27 22:03:26,398 — INFO — OPTIONS /auth/me — 200 — 0.03s
2026-01-27 22:03:26,466 — INFO — OPTIONS /auth/me — 200 — 0.105s
2026-01-27 22:03:27,680 — INFO — GET /auth/me — 401 — 0.894s
2026-01-27 22:03:27,694 — INFO — GET /auth/me — 401 — 0.002s
2026-01-27 22:06:27,927 — INFO — OPTIONS /predict/ckd — 200 — 0.007s
2026-01-27 22:06:28,099 — INFO — POST /predict/ckd — 422 — 0.14s
2026-01-27 22:06:30,705 — INFO — POST /predict/ckd — 422 — 0.004s
2026-01-27 22:24:17,749 — INFO — OPTIONS /predict/ckd — 200 — 0.007s
2026-01-27 22:24:17,860 — INFO — POST /predict/ckd — 422 — 0.049s
2026-01-27 22:45:32,896 — INFO — ✅ All ML models loaded successfully
2026-01-27 22:45:32,957 — INFO — OPTIONS /auth/me — 200 — 0.001s
2026-01-27 22:45:32,966 — INFO — OPTIONS /auth/me — 200 — 0.012s
2026-01-27 22:45:33,785 — INFO — GET /auth/me — 401 — 0.419s
2026-01-27 22:45:33,803 — INFO — GET /auth/me — 401 — 0.004s
2026-01-27 22:52:33,316 — INFO — ✅ All ML models loaded successfully
2026-01-27 22:57:30,322 — INFO — OPTIONS /predict/ckd — 200 — 0.022s
2026-01-27 22:57:30,464 — INFO — POST /predict/ckd — 200 — 0.1s
2026-01-27 22:57:30,490 — INFO — OPTIONS /recommend — 200 — 0.0s
2026-01-27 22:57:30,503 — INFO — [Recommendation Request] disease=ckd, probability=0.05
2026-01-27 22:57:30,506 — INFO — [Recommendation Success] Disease=ckd, Risk=Low Risk
2026-01-27 22:57:30,509 — INFO — POST /recommend — 200 — 0.017s
2026-01-28 16:45:57,804 — INFO — ✅ All ML models loaded successfully
2026-01-28 16:46:58,981 — INFO — GET /docs — 200 — 0.018s
2026-01-28 16:47:00,434 — INFO — GET /openapi.json — 200 — 0.978s
2026-01-28 16:47:36,279 — INFO — OPTIONS /auth/login — 200 — 0.0s
2026-01-28 16:47:38,145 — INFO — POST /auth/login — 200 — 1.522s
2026-01-28 16:47:38,259 — INFO — OPTIONS /auth/me — 200 — 0.0s
2026-01-28 16:47:38,262 — INFO — OPTIONS /auth/me — 200 — 0.002s
2026-01-28 16:47:38,566 — INFO — GET /auth/me — 200 — 0.302s
2026-01-28 16:47:39,390 — INFO — GET /auth/me — 200 — 0.821s
2026-01-28 16:49:55,255 — INFO — OPTIONS /predict/ckd — 200 — 0.0s
2026-01-28 16:49:55,388 — INFO — POST /predict/ckd — 200 — 0.088s
2026-01-28 16:49:55,423 — INFO — OPTIONS /recommend — 200 — 0.0s
2026-01-28 16:49:55,443 — INFO — [Recommendation Request] disease=ckd, probability=0.05
2026-01-28 16:49:55,449 — INFO — [Recommendation Success] Disease=ckd, Risk=Low Risk
2026-01-28 16:49:55,450 — INFO — POST /recommend — 200 — 0.02s
2026-01-28 16:53:27,142 — INFO — ✅ All ML models loaded successfully
2026-01-28 16:53:27,717 — INFO — GET /auth/me — 200 — 0.542s
2026-01-28 16:53:28,089 — INFO — GET /auth/me — 200 — 0.914s
2026-01-28 16:56:23,282 — INFO — POST /predict/ckd — 200 — 0.538s
2026-01-28 16:56:23,345 — INFO — [Recommendation Request] disease=ckd, probability=0.713
2026-01-28 16:56:23,347 — INFO — [Recommendation Success] Disease=ckd, Risk=High CKD Risk
2026-01-28 16:56:23,350 — INFO — POST /recommend — 200 — 0.016s
2026-01-28 17:08:00,796 — INFO — ✅ All ML models loaded successfully
2026-01-28 17:08:36,079 — INFO — OPTIONS /auth/me — 200 — 0.023s
2026-01-28 17:08:36,119 — INFO — OPTIONS /auth/me — 200 — 0.088s
2026-01-28 17:08:38,019 — INFO — GET /auth/me — 200 — 1.59s
2026-01-28 17:08:38,910 — INFO — GET /auth/me — 200 — 0.877s
2026-01-28 22:33:30,355 — INFO — OPTIONS /auth/me — 200 — 0.024s
2026-01-28 22:33:30,393 — INFO — OPTIONS /auth/me — 200 — 0.063s
2026-01-28 22:33:30,940 — INFO — GET /auth/me — 401 — 0.236s
2026-01-28 22:33:30,987 — INFO — GET /auth/me — 401 — 0.025s
2026-01-29 16:14:48,344 — INFO — ✅ All ML models loaded successfully
2026-01-29 16:16:58,744 — INFO — GET /docs — 200 — 0.037s
2026-01-29 16:16:59,767 — INFO — GET /openapi.json — 200 — 0.511s
2026-01-29 16:17:21,307 — INFO — OPTIONS /auth/login — 200 — 0.014s
2026-01-29 16:17:24,545 — INFO — POST /auth/login — 200 — 2.887s
2026-01-29 16:17:25,003 — INFO — OPTIONS /auth/me — 200 — 0.002s
2026-01-29 16:17:25,030 — INFO — OPTIONS /auth/me — 200 — 0.003s
2026-01-29 16:17:25,372 — INFO — GET /auth/me — 200 — 0.282s
2026-01-29 16:18:29,595 — INFO — GET /auth/me — 200 — 64.2s
2026-01-29 16:21:10,350 — INFO — OPTIONS /predict/ckd — 200 — 0.016s
2026-01-29 16:21:12,130 — INFO — POST /predict/ckd — 200 — 1.724s
2026-01-29 16:29:12,903 — INFO — OPTIONS /auth/me — 200 — 0.023s
2026-01-29 16:29:12,947 — INFO — OPTIONS /auth/me — 200 — 0.066s
2026-01-29 16:30:30,023 — INFO — GET /auth/me — 200 — 76.754s
2026-01-29 16:30:36,902 — INFO — GET /auth/me — 200 — 63.904s
2026-01-29 16:37:32,748 — INFO — OPTIONS /predict/anemia — 200 — 0.001s
2026-01-29 16:37:33,364 — INFO — POST /predict/anemia — 200 — 0.584s
2026-01-29 16:44:25,688 — INFO — OPTIONS /auth/me — 200 — 0.01s
2026-01-29 16:44:25,710 — INFO — OPTIONS /auth/me — 200 — 0.034s
2026-01-29 16:45:30,885 — INFO — GET /auth/me — 200 — 64.862s
2026-01-29 16:45:49,965 — INFO — GET /auth/me — 200 — 64.16s
2026-01-29 16:52:51,002 — INFO — GET /auth/me — 200 — 65.37s
2026-01-29 16:53:08,981 — INFO — GET /auth/me — 200 — 63.836s
2026-01-30 16:23:24,790 — INFO — ✅ All ML models loaded successfully
2026-01-30 16:27:50,806 — INFO — GET /docs — 200 — 0.035s
2026-01-30 16:27:53,815 — INFO — GET /openapi.json — 200 — 2.016s
2026-01-30 16:28:17,180 — INFO — OPTIONS /auth/login — 200 — 0.004s
2026-01-30 16:28:20,888 — INFO — POST /auth/login — 200 — 3.392s
2026-01-30 16:28:21,023 — INFO — OPTIONS /auth/me — 200 — 0.001s
2026-01-30 16:28:21,035 — INFO — OPTIONS /auth/me — 200 — 0.003s
2026-01-30 16:28:21,264 — INFO — GET /auth/me — 200 — 0.224s
2026-01-30 16:28:21,912 — INFO — GET /auth/me — 200 — 0.64s
2026-01-30 16:28:32,338 — INFO — GET /auth/me — 200 — 0.209s
2026-01-30 16:28:32,584 — INFO — GET /auth/me — 200 — 0.246s
2026-01-30 16:38:26,178 — INFO — POST /predict/ckd — 200 — 0.894s
2026-01-30 16:59:50,200 — INFO — OPTIONS /auth/me — 200 — 0.013s
2026-01-30 16:59:50,234 — INFO — OPTIONS /auth/me — 200 — 0.051s
2026-01-30 16:59:52,112 — INFO — GET /auth/me — 200 — 1.555s
2026-01-30 16:59:52,900 — INFO — GET /auth/me — 200 — 0.765s
2026-01-30 18:05:12,496 — INFO — ✅ All ML models loaded successfully
2026-01-30 18:05:12,537 — INFO — GET /docs — 200 — 0.008s
2026-01-30 18:05:12,543 — INFO — GET /docs — 200 — 0.013s
2026-01-30 18:05:12,543 — INFO — OPTIONS /auth/me — 200 — 0.014s
2026-01-30 18:05:12,545 — INFO — OPTIONS /auth/me — 200 — 0.015s
2026-01-30 18:05:12,985 — INFO — GET /auth/me — 401 — 0.108s
2026-01-30 18:05:13,002 — INFO — GET /auth/me — 401 — 0.004s
2026-01-30 18:05:13,046 — INFO — POST /predict/ckd — 200 — 0.516s
2026-01-30 18:05:13,329 — INFO — GET /openapi.json — 200 — 0.157s
2026-01-30 18:05:27,590 — INFO — POST /predict/ckd — 200 — 0.047s
2026-01-30 18:05:31,056 — INFO — POST /predict/ckd — 200 — 0.012s
2026-01-30 18:05:31,816 — INFO — POST /predict/ckd — 200 — 0.01s
2026-01-30 18:05:33,524 — INFO — GET /docs — 200 — 0.0s
2026-01-30 18:05:33,873 — INFO — GET /openapi.json — 200 — 0.005s
2026-01-30 18:05:44,700 — INFO — POST /predict/ckd — 200 — 0.01s
2026-01-30 18:05:49,187 — INFO — POST /predict/ckd — 200 — 0.009s
2026-01-31 15:20:24,779 — INFO — ✅ All ML models loaded successfully
2026-01-31 15:39:44,056 — INFO — GET /docs — 200 — 0.047s
2026-01-31 15:39:45,731 — INFO — GET /openapi.json — 200 — 1.177s
2026-01-31 15:40:08,335 — INFO — OPTIONS /auth/login — 200 — 0.005s
2026-01-31 15:40:11,907 — INFO — POST /auth/login — 200 — 3.229s
2026-01-31 15:40:12,049 — INFO — OPTIONS /auth/me — 200 — 0.0s
2026-01-31 15:40:12,077 — INFO — OPTIONS /auth/me — 200 — 0.012s
2026-01-31 15:40:12,360 — INFO — GET /auth/me — 200 — 0.292s
2026-01-31 15:40:13,020 — INFO — GET /auth/me — 200 — 0.649s
2026-01-31 15:42:19,423 — INFO — GET /auth/me — 200 — 1.08s
2026-01-31 15:42:20,086 — INFO — GET /auth/me — 200 — 0.548s
2026-01-31 15:48:05,235 — INFO — OPTIONS /predict/ckd — 200 — 0.007s
2026-01-31 15:48:06,174 — INFO — POST /predict/ckd — 200 — 0.9s
2026-01-31 15:57:44,416 — INFO — POST /predict/ckd — 200 — 0.209s
2026-01-31 15:59:02,197 — INFO — ✅ All ML models loaded successfully
2026-01-31 15:59:02,252 — INFO — OPTIONS /predict/ckd — 200 — 0.0s
2026-01-31 15:59:02,510 — INFO — POST /predict/ckd — 200 — 0.216s
2026-01-31 16:02:57,446 — INFO — POST /predict/ckd — 200 — 0.296s
2026-01-31 16:03:58,831 — INFO — ✅ All ML models loaded successfully
2026-01-31 16:03:58,909 — INFO — POST /predict/ckd — 200 — 0.053s
2026-01-31 16:07:54,168 — INFO — POST /predict/ckd — 200 — 1.517s
2026-01-31 16:08:02,386 — INFO — POST /predict/ckd — 200 — 0.015s
2026-01-31 16:08:03,227 — INFO — POST /predict/ckd — 200 — 0.01s
2026-01-31 16:08:07,341 — INFO — OPTIONS /auth/me — 200 — 0.04s
2026-01-31 16:08:07,345 — INFO — OPTIONS /auth/me — 200 — 0.009s
2026-01-31 16:08:08,521 — INFO — GET /auth/me — 200 — 0.865s
2026-01-31 16:08:09,539 — INFO — GET /auth/me — 200 — 0.991s
2026-01-31 16:09:15,461 — INFO — ✅ All ML models loaded successfully
2026-01-31 16:10:38,770 — INFO — OPTIONS /predict/ckd — 200 — 0.008s
2026-01-31 16:10:39,202 — INFO — POST /predict/ckd — 200 — 0.392s
2026-01-31 16:14:55,300 — INFO — ✅ All ML models loaded successfully
2026-01-31 16:16:45,908 — INFO — ✅ All ML models loaded successfully
2026-01-31 16:17:20,819 — INFO — POST /predict/ckd — 200 — 0.428s
2026-01-31 16:17:22,702 — INFO — POST /predict/ckd — 200 — 0.006s
2026-01-31 16:17:23,651 — INFO — POST /predict/ckd — 200 — 0.005s
2026-01-31 16:17:27,505 — INFO — GET /auth/me — 200 — 0.499s
2026-01-31 16:17:28,367 — INFO — GET /auth/me — 200 — 0.833s
2026-01-31 16:20:15,664 — INFO — POST /predict/ckd — 200 — 0.324s
2026-01-31 16:36:14,121 — INFO — POST /predict/ckd — 200 — 0.21s
2026-01-31 16:49:24,122 — INFO — OPTIONS /auth/me — 200 — 0.017s
2026-01-31 16:49:24,152 — INFO — OPTIONS /auth/me — 200 — 0.048s
2026-01-31 16:49:24,699 — INFO — GET /auth/me — 401 — 0.22s
2026-01-31 16:49:24,713 — INFO — GET /auth/me — 401 — 0.004s
2026-01-31 16:51:33,516 — INFO — GET /auth/me — 401 — 0.067s
2026-01-31 16:51:33,542 — INFO — GET /auth/me — 401 — 0.003s
2026-01-31 16:53:15,996 — INFO — POST /predict-xray/ — 404 — 0.016s
2026-02-03 13:53:46,621 — INFO — ✅ All ML models loaded successfully
2026-02-03 13:54:57,596 — INFO — GET /docs — 200 — 0.214s
2026-02-03 13:55:02,460 — INFO — GET /openapi.json — 200 — 1.187s
2026-02-03 14:18:17,218 — INFO — ✅ All ML models loaded successfully
2026-02-03 14:38:09,266 — INFO — ✅ All ML models loaded successfully
2026-02-03 14:39:25,853 — INFO — POST /api/predict-xray — 404 — 0.015s
2026-02-03 14:39:51,283 — INFO — POST /api/predict-xray — 404 — 0.002s
2026-02-03 14:40:09,425 — INFO — GET /docs — 200 — 0.019s
2026-02-03 14:40:10,136 — INFO — GET /openapi.json — 200 — 0.509s
2026-02-03 14:41:49,029 — INFO — GET /docs — 200 — 0.039s
2026-02-03 14:41:49,357 — INFO — GET /openapi.json — 200 — 0.028s
2026-02-03 14:42:16,002 — INFO — POST /predict/xray — 500 — 3.112s
2026-02-03 14:43:04,067 — INFO — POST /predict/xray — 500 — 0.403s
2026-02-03 14:43:24,275 — INFO — POST /predict/xray — 500 — 0.405s
2026-02-03 14:43:32,868 — INFO — GET /.well-known/appspecific/com.chrome.devtools.json — 404 — 0.006s
2026-02-03 14:51:24,494 — INFO — ✅ All ML models loaded successfully
2026-02-03 14:54:24,641 — INFO — GET /docs — 200 — 0.024s
2026-02-03 14:54:24,916 — INFO — GET /.well-known/appspecific/com.chrome.devtools.json — 404 — 0.022s
2026-02-03 14:54:26,845 — INFO — GET /openapi.json — 200 — 1.049s
2026-02-03 14:58:12,304 — INFO — POST /api/predict-xray — 200 — 8.877s
2026-02-03 14:58:38,390 — INFO — POST /api/predict-xray — 200 — 0.693s
2026-02-03 14:58:44,077 — INFO — GET /docs — 200 — 0.002s
2026-02-03 14:58:44,509 — INFO — GET /openapi.json — 200 — 0.005s
2026-02-03 14:59:00,073 — INFO — POST /api/predict-xray — 200 — 0.51s
2026-02-03 14:59:20,752 — INFO — POST /api/predict-xray — 400 — 0.01s
2026-02-03 14:59:21,894 — INFO — POST /api/predict-xray — 400 — 0.004s
2026-02-03 14:59:24,337 — INFO — GET /docs — 200 — 0.0s
2026-02-03 14:59:24,673 — INFO — GET /openapi.json — 200 — 0.028s
2026-02-03 14:59:37,195 — INFO — POST /api/predict-xray — 400 — 0.003s
2026-02-03 14:59:54,743 — INFO — POST /api/predict-xray — 200 — 1.31s
2026-02-03 15:04:25,913 — INFO — GET /docs — 200 — 0.018s
2026-02-03 15:04:26,339 — INFO — GET /openapi.json — 200 — 0.032s
2026-02-03 15:04:46,688 — INFO — POST /api/predict-xray — 200 — 2.035s
2026-02-03 15:34:47,877 — INFO — ✅ All ML models loaded successfully
2026-02-03 16:12:31,376 — INFO — ✅ All ML models loaded successfully
2026-02-03 16:12:31,401 — INFO — GET /docs — 200 — 0.001s
2026-02-03 16:12:31,880 — INFO — GET /openapi.json — 200 — 0.309s
2026-02-03 16:13:22,208 — INFO — POST /api/predict-xray — 200 — 6.938s
2026-02-03 16:14:03,695 — INFO — POST /api/predict-xray — 200 — 3.068s
2026-02-03 16:14:40,652 — INFO — POST /api/predict-xray — 200 — 2.831s
2026-02-03 16:15:13,465 — INFO — POST /api/predict-xray — 200 — 0.247s
2026-02-03 16:15:16,859 — INFO — POST /api/predict-xray — 200 — 0.22s
2026-02-03 16:22:23,567 — INFO — OPTIONS /auth/login — 200 — 0.015s
2026-02-03 16:23:30,568 — INFO — POST /auth/login — 200 — 66.65s
2026-02-03 16:23:39,961 — INFO — POST /auth/login — 200 — 0.425s
2026-02-03 16:23:40,449 — INFO — OPTIONS /auth/me — 200 — 0.003s
2026-02-03 16:23:40,452 — INFO — OPTIONS /auth/me — 200 — 0.003s
2026-02-03 16:23:40,743 — INFO — GET /auth/me — 200 — 0.276s
2026-02-03 16:23:57,442 — INFO — POST /auth/login — 200 — 65.254s
2026-02-03 16:24:44,808 — INFO — GET /auth/me — 200 — 64.056s
2026-02-03 16:24:49,155 — INFO — POST /api/predict-xray — 200 — 1.884s
2026-02-03 16:50:28,485 — INFO — OPTIONS /auth/me — 200 — 0.021s
2026-02-03 16:50:28,513 — INFO — OPTIONS /auth/me — 200 — 0.049s
2026-02-03 16:50:30,445 — INFO — GET /auth/me — 200 — 1.597s
2026-02-03 16:50:31,207 — INFO — GET /auth/me — 200 — 0.652s
2026-02-03 17:19:21,283 — INFO — OPTIONS /auth/me — 200 — 0.016s
2026-02-03 17:19:21,323 — INFO — OPTIONS /auth/me — 200 — 0.05s
2026-02-03 17:19:23,167 — INFO — GET /auth/me — 200 — 1.529s
2026-02-03 17:19:23,857 — INFO — GET /auth/me — 200 — 0.675s
2026-02-03 17:20:01,818 — INFO — POST /api/predict-xray — 200 — 1.516s
2026-02-03 17:20:34,733 — INFO — POST /api/predict-xray — 200 — 0.406s
2026-02-03 17:21:06,428 — INFO — POST /api/predict-xray — 200 — 0.447s
2026-02-03 17:21:36,717 — INFO — POST /api/predict-xray — 200 — 0.183s
2026-02-03 19:29:53,350 — INFO — OPTIONS /auth/me — 200 — 0.026s
2026-02-03 19:29:53,399 — INFO — OPTIONS /auth/me — 200 — 0.079s
2026-02-03 19:29:53,959 — INFO — GET /auth/me — 401 — 0.242s
2026-02-03 19:29:53,987 — INFO — GET /auth/me — 401 — 0.006s
2026-02-03 19:30:09,843 — INFO — GET /auth/me — 401 — 0.049s
2026-02-03 19:30:09,883 — INFO — GET /auth/me — 401 — 0.012s
2026-02-03 19:30:16,626 — INFO — GET /auth/me — 401 — 0.009s
2026-02-03 19:30:16,643 — INFO — GET /auth/me — 401 — 0.004s
2026-02-03 19:43:02,982 — INFO — OPTIONS /auth/me — 200 — 0.145s
2026-02-03 19:43:03,097 — INFO — OPTIONS /auth/me — 200 — 0.249s
2026-02-03 19:43:03,561 — INFO — GET /auth/me — 401 — 0.155s
2026-02-03 19:43:03,590 — INFO — GET /auth/me — 401 — 0.009s
2026-02-03 19:43:06,687 — INFO — GET /auth/me — 401 — 0.009s
2026-02-03 19:43:06,719 — INFO — GET /auth/me — 401 — 0.012s
2026-02-03 19:43:38,163 — INFO — POST /api/predict-xray — 200 — 2.291s
2026-02-03 19:47:17,966 — INFO — GET /auth/me — 401 — 0.128s
2026-02-03 19:47:18,007 — INFO — GET /auth/me — 401 — 0.009s
2026-02-03 19:47:20,023 — INFO — GET /auth/me — 401 — 0.007s
2026-02-03 19:47:20,056 — INFO — GET /auth/me — 401 — 0.005s
2026-02-03 19:47:42,432 — INFO — POST /api/predict-xray — 200 — 2.008s
2026-02-03 20:53:56,824 — INFO — OPTIONS /auth/me — 200 — 0.042s
2026-02-03 20:53:56,898 — INFO — OPTIONS /auth/me — 200 — 0.123s
2026-02-03 20:53:57,423 — INFO — GET /auth/me — 401 — 0.211s
2026-02-03 20:53:57,461 — INFO — GET /auth/me — 401 — 0.006s
2026-02-03 20:53:58,864 — INFO — GET /auth/me — 401 — 0.015s
2026-02-03 20:53:58,925 — INFO — GET /auth/me — 401 — 0.038s
2026-02-03 20:54:31,952 — INFO — GET /auth/me — 401 — 0.007s
2026-02-03 20:54:31,966 — INFO — GET /auth/me — 401 — 0.004s
2026-02-03 21:26:26,108 — INFO — OPTIONS /auth/me — 200 — 0.01s
2026-02-03 21:26:26,145 — INFO — OPTIONS /auth/me — 200 — 0.049s
2026-02-03 21:26:26,550 — INFO — GET /auth/me — 401 — 0.095s
2026-02-03 21:26:26,584 — INFO — GET /auth/me — 401 — 0.021s
2026-02-03 21:34:25,598 — INFO — GET /auth/me — 401 — 0.047s
2026-02-03 21:34:25,629 — INFO — GET /auth/me — 401 — 0.004s
2026-02-03 21:44:41,289 — INFO — [OCR Upload] Received file: pdf sample 2.pdf, type=application/pdf
2026-02-03 21:44:41,305 — INFO — [OCR Store] File saved to ocr_uploads/pdf sample 2.pdf
2026-02-03 21:44:41,307 — INFO — [OCR PDF] Converting PDF pdf sample 2.pdf to images
2026-02-03 21:44:47,687 — INFO — [OCR PDF] Using converted image: ocr_temp\page_1.jpg
2026-02-03 21:44:47,687 — INFO — [OCR EasyOCR] Running EasyOCR on ocr_temp\page_1.jpg
2026-02-03 21:47:56,393 — INFO — [OCR Success] Extracted text length: 1361
2026-02-03 21:47:56,393 — INFO — [OCR Values] Extracting numeric values
2026-02-03 21:47:56,406 — INFO — [OCR Values] Raw={'hemoglobin': 13.8, 'wbc': 3.5, 'platelets': 150.0}
2026-02-03 21:47:56,406 — INFO — [OCR Values] Cleaned={'hemoglobin': 13.8, 'wbc': 3.5, 'platelets': 150.0}
2026-02-03 21:47:56,409 — INFO — [OCR Build] Building structured report
2026-02-03 21:47:56,411 — INFO — [OCR Completed] Report structure generated successfully
2026-02-03 21:47:56,444 — INFO — POST /ocr/extract — 200 — 195.259s
2026-02-03 21:49:25,359 — INFO — [OCR Upload] Received file: cbc report sample pdf.pdf, type=application/pdf
2026-02-03 21:49:25,381 — INFO — [OCR Store] File saved to ocr_uploads/cbc report sample pdf.pdf
2026-02-03 21:49:25,382 — INFO — [OCR PDF] Converting PDF cbc report sample pdf.pdf to images
2026-02-03 21:49:27,460 — INFO — [OCR PDF] Using converted image: ocr_temp\page_1.jpg
2026-02-03 21:49:27,461 — INFO — [OCR EasyOCR] Running EasyOCR on ocr_temp\page_1.jpg
2026-02-04 18:17:59,432 — INFO — ✅ All ML models loaded successfully
2026-02-04 18:27:27,574 — INFO — ✅ All ML models loaded successfully
2026-02-04 18:56:16,197 — INFO — ✅ All ML models loaded successfully
2026-02-04 19:08:36,093 — INFO — ✅ All ML models loaded successfully
2026-02-04 19:14:16,147 — INFO — ✅ All ML models loaded successfully
2026-02-04 19:17:51,445 — INFO — GET /docs — 200 — 0.03s
2026-02-04 19:17:52,568 — INFO — GET /openapi.json — 200 — 0.798s
2026-02-04 19:18:08,910 — INFO — OPTIONS /auth/login — 200 — 0.002s
2026-02-04 19:18:12,160 — INFO — POST /auth/login — 200 — 2.921s
2026-02-04 19:18:12,426 — INFO — OPTIONS /auth/me — 200 — 0.001s
2026-02-04 19:18:12,446 — INFO — OPTIONS /auth/me — 200 — 0.02s
2026-02-04 19:18:12,716 — INFO — GET /auth/me — 200 — 0.26s
2026-02-04 19:18:13,597 — INFO — GET /auth/me — 200 — 0.874s
2026-02-04 19:18:41,681 — INFO — POST /api/predict-xray — 200 — 7.782s
2026-02-04 19:20:06,992 — INFO — POST /api/predict-xray — 200 — 1.403s
2026-02-04 19:23:10,481 — INFO — [OCR Upload] Received file: lipid sample.png, type=image/png
2026-02-04 19:23:10,500 — INFO — [OCR Store] File saved to ocr_uploads/lipid sample.png
2026-02-04 19:23:11,937 — INFO — [OCR] Running EasyOCR
2026-02-04 19:24:20,426 — INFO — [OCR Completed] Successfully processed report
2026-02-04 19:24:20,490 — INFO — POST /ocr/extract — 200 — 70.129s
2026-02-04 20:15:51,427 — INFO — OPTIONS /auth/me — 200 — 0.084s
2026-02-04 20:15:51,464 — INFO — OPTIONS /auth/me — 200 — 0.119s
2026-02-04 20:16:56,826 — INFO — GET /auth/me — 200 — 65.013s
2026-02-04 20:17:16,404 — INFO — GET /auth/me — 200 — 64.826s
2026-02-04 20:31:08,162 — INFO — OPTIONS /auth/me — 200 — 0.028s
2026-02-04 20:31:08,200 — INFO — OPTIONS /auth/me — 200 — 0.069s
2026-02-04 20:31:08,860 — INFO — GET /auth/me — 401 — 0.336s
2026-02-04 20:31:08,874 — INFO — GET /auth/me — 401 — 0.006s
2026-02-04 20:31:16,440 — INFO — GET /auth/me — 401 — 0.031s
2026-02-04 20:31:16,448 — INFO — GET /auth/me — 401 — 0.003s
2026-02-04 20:32:44,812 — INFO — POST /api/predict-xray — 200 — 1.791s
2026-02-04 20:32:44,944 — INFO — OPTIONS /recommend/xray — 200 — 0.004s
2026-02-04 20:32:44,994 — INFO — OPTIONS /recommend/xray — 200 — 0.001s
2026-02-04 20:32:45,010 — INFO — POST /recommend/xray — 200 — 0.049s
2026-02-04 20:32:45,012 — INFO — POST /recommend/xray — 200 — 0.006s
2026-02-04 20:33:10,681 — INFO — POST /api/predict-xray — 200 — 0.305s
2026-02-04 20:33:10,737 — INFO — POST /recommend/xray — 200 — 0.014s
2026-02-04 20:33:10,743 — INFO — POST /recommend/xray — 200 — 0.008s
2026-02-04 22:06:50,444 — INFO — OPTIONS /auth/me — 200 — 0.024s
2026-02-04 22:06:50,504 — INFO — OPTIONS /auth/me — 200 — 0.087s
2026-02-04 22:06:51,001 — INFO — GET /auth/me — 401 — 0.165s
2026-02-04 22:06:51,025 — INFO — GET /auth/me — 401 — 0.01s
2026-02-04 22:06:53,252 — INFO — GET /auth/me — 401 — 0.163s
2026-02-04 22:06:53,272 — INFO — GET /auth/me — 401 — 0.012s
2026-02-04 22:07:21,229 — INFO — POST /api/predict-xray — 200 — 2.199s
2026-02-04 22:07:25,171 — INFO — OPTIONS /recommend/xray — 200 — 0.0s
2026-02-04 22:07:25,185 — INFO — OPTIONS /recommend/xray — 200 — 0.006s
2026-02-04 22:07:25,232 — INFO — POST /recommend/xray — 200 — 0.049s
2026-02-04 22:07:25,234 — INFO — POST /recommend/xray — 200 — 0.037s
2026-02-04 22:08:31,016 — INFO — GET /auth/me — 401 — 0.224s
2026-02-04 22:08:31,062 — INFO — GET /auth/me — 401 — 0.002s
2026-02-04 22:08:51,140 — INFO — [OCR Upload] Received file: lipid-test.pdf, type=application/pdf
2026-02-04 22:08:51,143 — INFO — [OCR Store] File saved to ocr_uploads/lipid-test.pdf
2026-02-04 22:08:51,143 — INFO — [OCR PDF] Converting first page only
2026-02-04 22:08:51,143 — ERROR — [OCR Error] pdf_to_images() got an unexpected keyword argument 'max_pages'
2026-02-04 22:08:51,161 — INFO — POST /ocr/extract — 200 — 0.081s
2026-02-04 22:08:52,642 — INFO — [OCR Upload] Received file: lipid-test.pdf, type=application/pdf
2026-02-04 22:08:52,645 — INFO — [OCR Store] File saved to ocr_uploads/lipid-test.pdf
2026-02-04 22:08:52,645 — INFO — [OCR PDF] Converting first page only
2026-02-04 22:08:52,647 — ERROR — [OCR Error] pdf_to_images() got an unexpected keyword argument 'max_pages'
2026-02-04 22:08:52,647 — INFO — POST /ocr/extract — 200 — 0.009s
2026-02-04 22:08:53,442 — INFO — [OCR Upload] Received file: lipid-test.pdf, type=application/pdf
2026-02-04 22:08:53,444 — INFO — [OCR Store] File saved to ocr_uploads/lipid-test.pdf
2026-02-04 22:08:53,444 — INFO — [OCR PDF] Converting first page only
2026-02-04 22:08:53,444 — ERROR — [OCR Error] pdf_to_images() got an unexpected keyword argument 'max_pages'
2026-02-04 22:08:53,445 — INFO — POST /ocr/extract — 200 — 0.007s
2026-02-04 22:08:56,072 — INFO — GET /auth/me — 401 — 0.053s
2026-02-04 22:08:56,095 — INFO — GET /auth/me — 401 — 0.013s
2026-02-04 22:09:12,536 — INFO — [OCR Upload] Received file: lipid sample.png, type=image/png
2026-02-04 22:09:12,537 — INFO — [OCR Store] File saved to ocr_uploads/lipid sample.png
2026-02-04 22:09:12,748 — INFO — [OCR] Running EasyOCR
2026-02-04 22:10:12,433 — INFO — [OCR Completed] Successfully processed report
2026-02-04 22:10:12,513 — INFO — POST /ocr/extract — 200 — 59.98s
2026-02-04 22:10:35,958 — INFO — OPTIONS /recommend/ocr — 200 — 0.016s
2026-02-04 22:10:35,990 — INFO — OPTIONS /recommend/ocr — 200 — 0.046s
2026-02-04 22:10:36,505 — INFO — POST /recommend/ocr — 200 — 0.499s
2026-02-04 22:10:36,513 — INFO — POST /recommend/ocr — 200 — 0.459s
2026-02-04 22:11:39,335 — INFO — GET /auth/me — 401 — 0.152s
2026-02-04 22:11:39,381 — INFO — GET /auth/me — 401 — 0.007s
2026-02-04 22:12:01,713 — INFO — OPTIONS /predict/anemia — 200 — 0.008s
2026-02-04 22:12:02,747 — INFO — POST /predict/anemia — 200 — 1.006s
2026-02-05 16:29:52,901 — INFO — ✅ All ML models loaded successfully
2026-02-05 16:33:37,755 — INFO — ✅ All ML models loaded successfully
2026-02-05 16:34:17,963 — INFO — ✅ All ML models loaded successfully
2026-02-05 21:59:51,909 — INFO — ✅ All ML models loaded successfully
2026-02-05 22:00:57,780 — INFO — GET /docs — 200 — 0.025s
2026-02-05 22:00:58,670 — INFO — GET /openapi.json — 200 — 0.539s
2026-02-05 22:01:40,883 — INFO — OPTIONS /auth/login — 200 — 0.006s
2026-02-05 22:01:42,999 — INFO — POST /auth/login — 200 — 1.784s
2026-02-05 22:01:43,115 — INFO — OPTIONS /auth/me — 200 — 0.003s
2026-02-05 22:01:43,132 — INFO — OPTIONS /auth/me — 200 — 0.0s
2026-02-05 22:01:43,465 — INFO — GET /auth/me — 200 — 0.295s
2026-02-05 22:01:44,283 — INFO — GET /auth/me — 200 — 0.813s
2026-02-05 22:04:11,739 — INFO — OPTIONS /predict/anemia — 200 — 0.007s
2026-02-05 22:04:12,217 — INFO — POST /predict/anemia — 200 — 0.451s
2026-02-05 22:04:38,860 — INFO — POST /predict/anemia — 200 — 0.021s
2026-02-05 22:10:50,447 — INFO — POST /predict/anemia — 200 — 0.176s
2026-02-05 22:11:14,245 — INFO — POST /predict/anemia — 200 — 0.019s
2026-02-05 22:11:39,394 — INFO — POST /predict/anemia — 200 — 0.045s
2026-02-05 22:12:27,020 — INFO — POST /predict/anemia — 200 — 0.028s
2026-02-05 22:14:45,518 — INFO — OPTIONS /predict-diabetes — 200 — 0.011s
2026-02-05 22:14:46,014 — INFO — POST /predict-diabetes — 200 — 0.484s
2026-02-05 22:16:08,703 — INFO — POST /predict-diabetes — 200 — 0.007s
2026-02-05 22:17:30,540 — INFO — POST /predict-diabetes — 200 — 0.01s
2026-02-05 22:18:58,250 — INFO — POST /predict-diabetes — 200 — 0.009s
2026-02-05 22:23:40,045 — INFO — OPTIONS /predict/heart — 200 — 0.004s
2026-02-05 22:23:40,689 — INFO — POST /predict/heart — 200 — 0.605s
2026-02-05 22:25:52,388 — INFO — POST /predict/heart — 200 — 0.03s
2026-02-05 22:30:38,103 — INFO — POST /predict/heart — 200 — 0.114s
2026-02-05 22:31:39,383 — INFO — POST /predict/heart — 200 — 0.015s
2026-02-05 22:32:42,798 — INFO — POST /api/predict-xray — 200 — 6.08s
2026-02-05 22:32:49,302 — INFO — OPTIONS /recommend/xray — 200 — 0.006s
2026-02-05 22:32:49,305 — INFO — OPTIONS /recommend/xray — 200 — 0.005s
2026-02-05 22:32:49,330 — INFO — POST /recommend/xray — 200 — 0.02s
2026-02-05 22:32:49,331 — INFO — POST /recommend/xray — 200 — 0.016s
2026-02-05 22:33:33,112 — INFO — [OCR Upload] Received file: lipid-test.pdf, type=application/pdf
2026-02-05 22:33:33,114 — INFO — [OCR Store] File saved to ocr_uploads/lipid-test.pdf
2026-02-05 22:33:33,114 — INFO — [OCR PDF] Converting first page only
2026-02-05 22:33:33,115 — ERROR — [OCR Error] pdf_to_images() got an unexpected keyword argument 'max_pages'
2026-02-05 22:33:33,116 — INFO — POST /ocr/extract — 200 — 0.016s
2026-02-05 22:33:34,980 — INFO — [OCR Upload] Received file: lipid-test.pdf, type=application/pdf
2026-02-05 22:33:34,982 — INFO — [OCR Store] File saved to ocr_uploads/lipid-test.pdf
2026-02-05 22:33:34,982 — INFO — [OCR PDF] Converting first page only
2026-02-05 22:33:34,982 — ERROR — [OCR Error] pdf_to_images() got an unexpected keyword argument 'max_pages'
2026-02-05 22:33:34,984 — INFO — POST /ocr/extract — 200 — 0.005s
2026-02-05 22:33:35,633 — INFO — [OCR Upload] Received file: lipid-test.pdf, type=application/pdf
2026-02-05 22:33:35,634 — INFO — [OCR Store] File saved to ocr_uploads/lipid-test.pdf
2026-02-05 22:33:35,634 — INFO — [OCR PDF] Converting first page only
2026-02-05 22:33:35,634 — ERROR — [OCR Error] pdf_to_images() got an unexpected keyword argument 'max_pages'
2026-02-05 22:33:35,636 — INFO — POST /ocr/extract — 200 — 0.005s
2026-02-05 22:33:36,395 — INFO — [OCR Upload] Received file: lipid-test.pdf, type=application/pdf
2026-02-05 22:33:36,396 — INFO — [OCR Store] File saved to ocr_uploads/lipid-test.pdf
2026-02-05 22:33:36,396 — INFO — [OCR PDF] Converting first page only
2026-02-05 22:33:36,397 — ERROR — [OCR Error] pdf_to_images() got an unexpected keyword argument 'max_pages'
2026-02-05 22:33:36,397 — INFO — POST /ocr/extract — 200 — 0.006s
2026-02-05 22:33:36,635 — INFO — [OCR Upload] Received file: lipid-test.pdf, type=application/pdf
2026-02-05 22:33:36,637 — INFO — [OCR Store] File saved to ocr_uploads/lipid-test.pdf
2026-02-05 22:33:36,637 — INFO — [OCR PDF] Converting first page only
2026-02-05 22:33:36,638 — ERROR — [OCR Error] pdf_to_images() got an unexpected keyword argument 'max_pages'
2026-02-05 22:33:36,638 — INFO — POST /ocr/extract — 200 — 0.005s
2026-02-05 22:33:36,866 — INFO — [OCR Upload] Received file: lipid-test.pdf, type=application/pdf
2026-02-05 22:33:36,868 — INFO — [OCR Store] File saved to ocr_uploads/lipid-test.pdf
2026-02-05 22:33:36,868 — INFO — [OCR PDF] Converting first page only
2026-02-05 22:33:36,868 — ERROR — [OCR Error] pdf_to_images() got an unexpected keyword argument 'max_pages'
2026-02-05 22:33:36,869 — INFO — POST /ocr/extract — 200 — 0.007s
2026-02-05 22:33:37,377 — INFO — [OCR Upload] Received file: lipid-test.pdf, type=application/pdf
2026-02-05 22:33:37,378 — INFO — [OCR Store] File saved to ocr_uploads/lipid-test.pdf
2026-02-05 22:33:37,378 — INFO — [OCR PDF] Converting first page only
2026-02-05 22:33:37,379 — ERROR — [OCR Error] pdf_to_images() got an unexpected keyword argument 'max_pages'
2026-02-05 22:33:37,379 — INFO — POST /ocr/extract — 200 — 0.005s
2026-02-05 22:33:37,652 — INFO — [OCR Upload] Received file: lipid-test.pdf, type=application/pdf
2026-02-05 22:33:37,653 — INFO — [OCR Store] File saved to ocr_uploads/lipid-test.pdf
2026-02-05 22:33:37,653 — INFO — [OCR PDF] Converting first page only
2026-02-05 22:33:37,653 — ERROR — [OCR Error] pdf_to_images() got an unexpected keyword argument 'max_pages'
2026-02-05 22:33:37,653 — INFO — POST /ocr/extract — 200 — 0.003s
2026-02-05 22:33:37,946 — INFO — [OCR Upload] Received file: lipid-test.pdf, type=application/pdf
2026-02-05 22:33:37,947 — INFO — [OCR Store] File saved to ocr_uploads/lipid-test.pdf
2026-02-05 22:33:37,947 — INFO — [OCR PDF] Converting first page only
2026-02-05 22:33:37,947 — ERROR — [OCR Error] pdf_to_images() got an unexpected keyword argument 'max_pages'
2026-02-05 22:33:37,948 — INFO — POST /ocr/extract — 200 — 0.004s
2026-02-05 22:33:38,220 — INFO — [OCR Upload] Received file: lipid-test.pdf, type=application/pdf
2026-02-05 22:33:38,223 — INFO — [OCR Store] File saved to ocr_uploads/lipid-test.pdf
2026-02-05 22:33:38,223 — INFO — [OCR PDF] Converting first page only
2026-02-05 22:33:38,223 — ERROR — [OCR Error] pdf_to_images() got an unexpected keyword argument 'max_pages'
2026-02-05 22:33:38,224 — INFO — POST /ocr/extract — 200 — 0.006s
2026-02-05 22:33:45,793 — INFO — [OCR Upload] Received file: pdf sample 2.pdf, type=application/pdf
2026-02-05 22:33:45,793 — INFO — [OCR Store] File saved to ocr_uploads/pdf sample 2.pdf
2026-02-05 22:33:45,793 — INFO — [OCR PDF] Converting first page only
2026-02-05 22:33:45,793 — ERROR — [OCR Error] pdf_to_images() got an unexpected keyword argument 'max_pages'
2026-02-05 22:33:45,796 — INFO — POST /ocr/extract — 200 — 0.012s
2026-02-05 22:33:53,539 — INFO — [OCR Upload] Received file: cbc report sample.jpg, type=image/jpeg
2026-02-05 22:33:53,541 — INFO — [OCR Store] File saved to ocr_uploads/cbc report sample.jpg
2026-02-05 22:33:54,098 — INFO — [OCR] Running EasyOCR
2026-02-05 22:34:08,007 — INFO — [OCR Completed] Successfully processed report
2026-02-05 22:34:08,042 — INFO — POST /ocr/extract — 200 — 14.504s
2026-02-05 22:35:45,437 — INFO — OPTIONS /recommend/ocr — 200 — 0.004s
2026-02-05 22:35:45,448 — INFO — OPTIONS /recommend/ocr — 200 — 0.0s
2026-02-05 22:35:45,508 — INFO — POST /recommend/ocr — 200 — 0.053s
2026-02-05 22:35:45,511 — INFO — POST /recommend/ocr — 200 — 0.037s
2026-02-05 22:36:44,151 — INFO — POST /recommend/ocr — 200 — 0.091s
2026-02-05 22:36:59,378 — INFO — OPTIONS /predict/anemia — 200 — 0.004s
2026-02-05 22:36:59,908 — INFO — POST /predict/anemia — 200 — 0.52s
2026-02-05 22:44:35,085 — INFO — [OCR Upload] Received file: 467227fb335d8990935e.png, type=image/png
2026-02-05 22:44:35,112 — INFO — [OCR Store] File saved to ocr_uploads/467227fb335d8990935e.png
2026-02-05 22:44:35,302 — INFO — [OCR] Running EasyOCR
2026-02-05 22:44:58,946 — INFO — [OCR Completed] Successfully processed report
2026-02-05 22:44:58,990 — INFO — POST /ocr/extract — 200 — 23.964s
2026-02-05 22:46:08,045 — INFO — [OCR Upload] Received file: 64494dda80b5599f5f85.png, type=image/png
2026-02-05 22:46:08,061 — INFO — [OCR Store] File saved to ocr_uploads/64494dda80b5599f5f85.png
2026-02-05 22:46:08,172 — INFO — [OCR] Running EasyOCR
2026-02-05 22:46:29,461 — INFO — [OCR Completed] Successfully processed report
2026-02-05 22:46:29,501 — INFO — POST /ocr/extract — 200 — 21.483s
2026-02-13 11:37:44,158 — INFO — ✅ All ML models loaded successfully
2026-02-13 11:38:01,028 — INFO — GET /docs — 200 — 0.017s
2026-02-13 11:38:01,990 — INFO — GET /openapi.json — 200 — 0.363s
2026-02-13 11:38:32,840 — INFO — OPTIONS /auth/login — 200 — 0.059s
2026-02-13 11:38:36,949 — INFO — POST /auth/login — 200 — 2.602s
2026-02-13 11:38:36,953 — INFO — POST /auth/login — 200 — 3.727s
2026-02-13 11:38:37,124 — INFO — OPTIONS /auth/me — 200 — 0.002s
2026-02-13 11:38:37,128 — INFO — OPTIONS /auth/me — 200 — 0.002s
2026-02-13 11:38:37,377 — INFO — GET /auth/me — 200 — 0.238s
2026-02-13 11:38:37,635 — INFO — GET /auth/me — 200 — 0.252s
2026-02-13 11:43:04,993 — INFO — OPTIONS /predict/anemia — 200 — 0.011s
2026-02-13 11:43:05,963 — INFO — POST /predict/anemia — 200 — 0.921s
2026-02-13 11:44:14,596 — INFO — POST /predict/anemia — 200 — 0.146s
2026-02-13 11:44:44,974 — INFO — POST /predict/anemia — 200 — 0.062s
2026-02-13 11:45:53,715 — INFO — OPTIONS /predict-diabetes — 200 — 0.005s
2026-02-13 11:45:54,172 — INFO — POST /predict-diabetes — 200 — 0.426s
2026-02-13 11:46:57,451 — INFO — POST /predict-diabetes — 200 — 0.036s
2026-02-13 11:48:00,540 — INFO — POST /predict-diabetes — 200 — 0.021s
2026-02-13 11:49:10,917 — INFO — OPTIONS /predict/heart — 200 — 0.007s
2026-02-13 11:49:11,267 — INFO — POST /predict/heart — 200 — 0.335s
2026-02-13 11:50:10,306 — INFO — POST /predict/heart — 200 — 0.116s
2026-02-13 11:51:05,664 — INFO — POST /predict/heart — 200 — 0.283s
2026-02-13 11:55:09,093 — INFO — OPTIONS /predict/ckd — 200 — 0.015s
2026-02-13 11:55:09,537 — INFO — POST /predict/ckd — 200 — 0.4s
2026-02-13 11:59:10,423 — INFO — POST /predict/ckd — 200 — 0.078s
2026-02-13 12:01:18,382 — INFO — POST /predict/ckd — 200 — 0.016s
2026-02-13 12:09:37,892 — INFO — POST /api/predict-xray — 200 — 10.102s
2026-02-13 12:10:48,104 — INFO — POST /api/predict-xray — 200 — 1.768s
2026-02-13 12:11:17,946 — INFO — POST /api/predict-xray — 200 — 0.785s
2026-02-13 12:12:53,935 — INFO — POST /api/predict-xray — 200 — 1.985s
2026-02-13 12:30:52,864 — INFO — [OCR Upload] Received file: cbc_report1.png, type=image/png
2026-02-13 12:30:52,895 — INFO — [OCR Store] File saved to ocr_uploads/cbc_report1.png
2026-02-13 12:30:54,387 — INFO — [OCR] Running EasyOCR
2026-02-13 12:31:55,933 — INFO — [OCR Completed] Successfully processed report
2026-02-13 12:31:56,006 — INFO — POST /ocr/extract — 200 — 63.321s
2026-02-13 12:34:15,738 — INFO — [OCR Upload] Received file: cbc_reprt2.jpg, type=image/jpeg
2026-02-13 12:34:15,753 — INFO — [OCR Store] File saved to ocr_uploads/cbc_reprt2.jpg
2026-02-13 12:34:15,893 — INFO — [OCR] Running EasyOCR
2026-02-13 12:35:23,961 — INFO — [OCR Completed] Successfully processed report
2026-02-13 12:35:24,003 — INFO — POST /ocr/extract — 200 — 68.324s
2026-02-13 12:35:53,992 — INFO — [OCR Upload] Received file: cbc_report3.png, type=image/png
2026-02-13 12:35:54,015 — INFO — [OCR Store] File saved to ocr_uploads/cbc_report3.png
2026-02-13 12:35:54,328 — INFO — [OCR] Running EasyOCR
2026-02-13 12:36:35,288 — INFO — [OCR Completed] Successfully processed report
2026-02-13 12:36:35,342 — INFO — POST /ocr/extract — 200 — 41.431s
2026-02-13 12:37:11,060 — INFO — [OCR Upload] Received file: blood_sugar_report1.jpg, type=image/jpeg
2026-02-13 12:37:11,092 — INFO — [OCR Store] File saved to ocr_uploads/blood_sugar_report1.jpg
2026-02-13 12:37:11,191 — INFO — [OCR] Running EasyOCR
2026-02-13 12:37:40,442 — INFO — [OCR Completed] Successfully processed report
2026-02-13 12:37:40,669 — INFO — POST /ocr/extract — 200 — 29.646s
2026-02-13 12:39:26,652 — INFO — [OCR Upload] Received file: blood_sugar_report2.jpg, type=image/jpeg
2026-02-13 12:39:26,673 — INFO — [OCR Store] File saved to ocr_uploads/blood_sugar_report2.jpg
2026-02-13 12:39:26,836 — INFO — [OCR] Running EasyOCR
2026-02-13 12:40:49,794 — INFO — [OCR Completed] Successfully processed report
2026-02-13 12:40:49,910 — INFO — POST /ocr/extract — 200 — 83.328s
2026-02-13 12:41:06,932 — INFO — OPTIONS /recommend/ocr — 200 — 0.01s
2026-02-13 12:41:06,967 — INFO — OPTIONS /recommend/ocr — 200 — 0.043s
2026-02-13 12:41:07,834 — INFO — POST /recommend/ocr — 200 — 0.859s
2026-02-13 12:41:07,834 — INFO — POST /recommend/ocr — 200 — 0.594s
2026-02-16 13:11:11,508 — INFO — OPTIONS /auth/me — 200 — 0.013s
2026-02-16 13:11:11,562 — INFO — OPTIONS /auth/me — 200 — 0.076s
2026-02-16 13:11:12,070 — INFO — GET /auth/me — 401 — 0.194s
2026-02-16 13:11:12,114 — INFO — GET /auth/me — 401 — 0.023s
2026-02-17 19:45:48,812 — INFO — OPTIONS /auth/login — 200 — 0.071s
2026-02-17 19:45:55,409 — INFO — POST /auth/login — 200 — 5.975s
2026-02-17 19:45:55,591 — INFO — POST /auth/login — 200 — 1.187s
2026-02-17 19:45:55,639 — INFO — OPTIONS /auth/me — 200 — 0.0s
2026-02-17 19:45:55,661 — INFO — OPTIONS /auth/me — 200 — 0.0s
2026-02-17 19:45:55,950 — INFO — GET /auth/me — 200 — 0.281s
2026-02-17 19:45:56,253 — INFO — GET /auth/me — 200 — 0.292s
2026-02-17 19:46:24,273 — INFO — POST /auth/login — 200 — 0.517s
2026-02-17 19:46:24,694 — INFO — GET /auth/me — 200 — 0.296s
2026-02-17 19:46:24,959 — INFO — GET /auth/me — 200 — 0.255s
2026-02-17 19:54:15,545 — INFO — OPTIONS /predict/anemia — 200 — 0.027s
2026-02-17 19:54:16,461 — INFO — POST /predict/anemia — 200 — 0.726s
2026-02-17 19:54:25,715 — INFO — OPTIONS /recommend — 200 — 0.002s
2026-02-17 19:54:25,766 — INFO — POST /recommend — 200 — 0.036s
2026-02-17 19:54:26,500 — INFO — POST /recommend — 200 — 0.003s
2026-02-17 19:54:31,317 — INFO — POST /recommend — 200 — 0.005s
2026-02-17 20:06:08,783 — INFO — OPTIONS /recommend — 200 — 0.025s
2026-02-17 20:06:09,363 — INFO — POST /recommend — 200 — 0.493s
2026-02-17 20:09:28,364 — INFO — OPTIONS /predict/anemia — 200 — 0.008s
2026-02-17 20:09:28,699 — INFO — POST /predict/anemia — 200 — 0.293s
2026-02-17 20:09:35,368 — INFO — POST /recommend — 200 — 0.011s
2026-02-17 20:10:05,263 — INFO — POST /predict/anemia — 200 — 0.097s
2026-02-17 20:10:10,039 — INFO — POST /recommend — 200 — 0.006s
2026-02-17 20:16:56,936 — INFO — OPTIONS /auth/me — 200 — 0.018s
2026-02-17 20:16:56,983 — INFO — OPTIONS /auth/me — 200 — 0.077s
2026-02-21 21:17:10,262 — INFO — ✅ All ML models loaded successfully
2026-02-21 21:27:05,163 — INFO — GET /docs — 200 — 0.028s
2026-02-21 21:27:06,897 — INFO — GET /openapi.json — 200 — 0.466s
2026-02-21 21:27:25,394 — INFO — OPTIONS /auth/login — 200 — 0.005s
2026-02-21 21:27:28,551 — INFO — POST /auth/login — 200 — 2.83s
2026-02-21 21:27:28,774 — INFO — OPTIONS /auth/me — 200 — 0.007s
2026-02-21 21:27:28,792 — INFO — OPTIONS /auth/me — 200 — 0.023s
2026-02-21 21:27:29,473 — INFO — GET /auth/me — 200 — 0.669s
2026-02-21 21:27:30,293 — INFO — GET /auth/me — 200 — 0.815s
2026-02-21 21:28:03,165 — INFO — GET /auth/me — 200 — 0.609s
2026-02-21 21:28:03,568 — INFO — GET /auth/me — 200 — 0.378s
2026-02-21 21:31:17,189 — INFO — OPTIONS /predict/anemia — 200 — 0.096s
2026-02-21 21:31:19,659 — INFO — POST /predict/anemia — 200 — 2.185s
2026-02-21 21:31:31,028 — INFO — OPTIONS /recommend — 200 — 0.011s
2026-02-21 21:31:31,159 — INFO — POST /recommend — 200 — 0.085s
2026-02-21 21:31:58,722 — INFO — POST /predict/anemia — 200 — 0.407s
2026-02-21 21:32:12,773 — INFO — POST /recommend — 200 — 0.348s
2026-02-21 21:33:00,600 — INFO — POST /predict/anemia — 200 — 0.204s
2026-02-21 21:33:05,009 — INFO — POST /recommend — 200 — 0.005s
2026-02-21 21:35:40,735 — INFO — OPTIONS /predict-diabetes — 200 — 0.006s
2026-02-21 21:35:41,877 — INFO — POST /predict-diabetes — 200 — 1.117s
2026-02-21 21:35:47,471 — INFO — POST /recommend — 200 — 0.007s
2026-02-21 21:39:37,740 — INFO — POST /predict-diabetes — 200 — 0.14s
2026-02-21 21:39:50,162 — INFO — POST /recommend — 400 — 0.017s
2026-02-21 21:43:35,217 — INFO — POST /predict-diabetes — 200 — 0.24s
2026-02-21 21:43:45,459 — INFO — OPTIONS /recommend — 200 — 0.0s
2026-02-21 21:43:45,475 — INFO — POST /recommend — 400 — 0.007s
2026-02-21 22:42:16,025 — INFO — ✅ All ML models loaded successfully
2026-02-21 22:44:33,488 — INFO — ✅ All ML models loaded successfully
2026-02-21 22:47:18,501 — INFO — OPTIONS /auth/me — 200 — 0.033s
2026-02-21 22:47:18,558 — INFO — OPTIONS /auth/me — 200 — 0.104s
2026-02-21 22:47:19,657 — INFO — GET /auth/me — 401 — 0.778s
2026-02-21 22:47:19,675 — INFO — GET /auth/me — 401 — 0.007s
2026-02-21 22:49:22,086 — INFO — OPTIONS /predict/ckd — 200 — 0.016s
2026-02-21 22:49:22,905 — INFO — POST /predict/ckd — 200 — 0.76s
2026-02-21 22:50:15,622 — INFO — OPTIONS /recommend — 200 — 0.008s
2026-02-21 22:50:15,730 — INFO — POST /recommend — 200 — 0.056s
2026-02-21 22:52:33,554 — INFO — POST /predict/ckd — 200 — 0.237s
2026-02-21 22:52:43,710 — INFO — POST /recommend — 200 — 0.006s
2026-02-21 22:55:06,111 — INFO — POST /predict/ckd — 200 — 0.246s
2026-02-21 22:55:10,193 — INFO — POST /recommend — 200 — 0.005s
2026-02-21 22:56:50,634 — INFO — OPTIONS /predict/heart — 200 — 0.008s
2026-02-21 22:56:51,162 — INFO — POST /predict/heart — 200 — 0.513s
2026-02-21 22:56:55,039 — INFO — POST /recommend — 200 — 0.003s
2026-02-21 22:58:22,762 — INFO — POST /predict/heart — 200 — 0.091s
2026-02-21 22:58:27,180 — INFO — POST /recommend — 200 — 0.01s
2026-02-21 22:59:38,922 — INFO — POST /predict/heart — 200 — 0.15s
2026-02-21 22:59:43,236 — INFO — POST /recommend — 200 — 0.005s
2026-02-21 23:06:32,842 — INFO — ✅ All ML models loaded successfully
2026-02-21 23:06:50,097 — INFO — OPTIONS /predict-diabetes — 200 — 0.0s
2026-02-21 23:06:50,333 — INFO — POST /predict-diabetes — 200 — 0.213s
2026-02-21 23:06:55,328 — INFO — OPTIONS /recommend — 200 — 0.004s
2026-02-21 23:06:55,340 — INFO — POST /recommend — 200 — 0.004s
2026-02-21 23:08:14,163 — INFO — POST /predict-diabetes — 200 — 0.296s
2026-02-21 23:08:22,076 — INFO — POST /recommend — 200 — 0.018s
2026-02-21 23:08:23,085 — INFO — POST /recommend — 200 — 0.004s
2026-02-21 23:10:28,966 — INFO — POST /predict-diabetes — 200 — 0.237s
2026-02-21 23:10:33,022 — INFO — POST /recommend — 200 — 0.009s
2026-02-21 23:38:08,179 — INFO — ✅ All ML models loaded successfully
2026-02-22 00:41:24,891 — INFO — ✅ All ML models loaded successfully
2026-02-22 00:41:24,912 — INFO — OPTIONS /auth/me — 200 — 0.002s
2026-02-22 00:41:24,917 — INFO — OPTIONS /auth/me — 200 — 0.007s
2026-02-22 00:41:24,918 — INFO — OPTIONS /predict-diabetes — 200 — 0.008s
2026-02-22 00:41:25,124 — INFO — POST /predict-diabetes — 200 — 0.062s
2026-02-22 00:41:25,376 — INFO — GET /auth/me — 401 — 0.015s
2026-02-22 00:41:25,404 — INFO — GET /auth/me — 401 — 0.01s
2026-02-22 00:41:53,200 — INFO — GET /auth/me — 401 — 0.025s
2026-02-22 00:41:53,225 — INFO — GET /auth/me — 401 — 0.003s
2026-02-22 00:47:48,031 — INFO — POST /predict-diabetes — 200 — 0.354s
2026-02-22 00:47:58,545 — INFO — OPTIONS /recommend — 200 — 0.008s
2026-02-22 00:47:58,659 — INFO — POST /recommend — 200 — 0.097s
2026-02-22 00:54:05,852 — INFO — OPTIONS /predict-diabetes — 200 — 0.006s
2026-02-22 00:54:06,073 — INFO — POST /predict-diabetes — 200 — 0.183s
2026-02-22 00:54:19,481 — INFO — POST /recommend — 200 — 0.01s
2026-02-22 00:57:18,213 — INFO — POST /predict-diabetes — 200 — 0.135s
2026-02-22 00:58:35,044 — INFO — OPTIONS /recommend — 200 — 0.003s
2026-02-22 00:58:35,084 — INFO — POST /recommend — 200 — 0.015s
2026-02-22 01:00:13,011 — INFO — POST /predict-diabetes — 200 — 0.132s
2026-02-22 01:00:34,815 — INFO — POST /recommend — 200 — 0.021s
2026-02-22 01:05:42,937 — INFO — OPTIONS /predict/anemia — 200 — 0.016s
2026-02-22 01:05:43,390 — INFO — POST /predict/anemia — 200 — 0.422s
2026-02-22 01:05:52,700 — INFO — POST /recommend — 200 — 0.005s
2026-02-22 01:06:51,529 — INFO — POST /predict/anemia — 200 — 0.18s
2026-02-22 01:06:56,097 — INFO — POST /recommend — 200 — 0.009s
2026-02-22 01:07:25,461 — INFO — POST /predict/anemia — 200 — 0.068s
2026-02-22 01:07:29,259 — INFO — POST /recommend — 200 — 0.003s
2026-02-22 01:10:08,787 — INFO — OPTIONS /predict/heart — 200 — 0.003s
2026-02-22 01:10:09,181 — INFO — POST /predict/heart — 200 — 0.359s
2026-02-22 01:11:06,219 — INFO — OPTIONS /recommend — 200 — 0.0s
2026-02-22 01:11:06,257 — INFO — POST /recommend — 200 — 0.027s
2026-02-22 01:12:09,062 — INFO — POST /predict/heart — 200 — 0.194s
2026-02-22 01:13:19,415 — INFO — POST /recommend — 200 — 0.055s
2026-02-22 01:14:22,849 — INFO — POST /predict/heart — 200 — 0.213s
2026-02-22 01:14:29,567 — INFO — POST /recommend — 200 — 0.006s
2026-02-23 20:02:21,808 — INFO — ✅ All ML models loaded successfully
2026-02-23 20:05:09,887 — INFO — GET /docs — 200 — 0.063s
2026-02-23 20:05:11,356 — INFO — GET /openapi.json — 200 — 0.727s
2026-02-23 20:05:33,647 — INFO — OPTIONS /auth/login — 200 — 0.006s
2026-02-23 20:07:00,853 — INFO — POST /auth/login — 200 — 86.875s
2026-02-23 20:07:07,631 — INFO — POST /auth/login — 200 — 0.615s
2026-02-23 20:07:08,255 — INFO — OPTIONS /auth/me — 200 — 0.003s
2026-02-23 20:07:08,258 — INFO — OPTIONS /auth/me — 200 — 0.007s
2026-02-23 20:07:08,540 — INFO — GET /auth/me — 200 — 0.265s
2026-02-23 20:07:16,759 — INFO — POST /auth/login — 200 — 64.092s
2026-02-23 20:07:52,271 — INFO — POST /auth/login — 200 — 64.374s
2026-02-23 20:08:12,708 — INFO — GET /auth/me — 200 — 64.153s
2026-02-23 20:15:58,713 — INFO — OPTIONS /predict/anemia — 200 — 0.01s
2026-02-23 20:16:00,862 — INFO — POST /predict/anemia — 200 — 2.109s
2026-02-23 20:16:14,127 — INFO — OPTIONS /recommend — 200 — 0.002s
2026-02-23 20:16:14,402 — INFO — POST /recommend — 200 — 0.253s
2026-02-23 20:16:55,157 — INFO — POST /predict/anemia — 200 — 0.319s
2026-02-23 20:17:35,390 — INFO — POST /predict/anemia — 200 — 0.516s
2026-02-23 20:17:41,161 — INFO — POST /recommend — 200 — 0.052s
2026-02-23 20:18:53,893 — INFO — OPTIONS /predict-diabetes — 200 — 0.009s
2026-02-23 20:18:55,598 — INFO — POST /predict-diabetes — 200 — 1.667s
2026-02-23 20:19:05,466 — INFO — POST /recommend — 200 — 0.01s
2026-02-23 20:44:49,187 — INFO — ✅ All ML models loaded successfully
2026-02-23 20:47:08,703 — INFO — ✅ All ML models loaded successfully
2026-02-23 21:57:13,576 — INFO — OPTIONS /auth/me — 200 — 0.018s
2026-02-23 21:57:13,621 — INFO — OPTIONS /auth/me — 200 — 0.068s
2026-02-23 21:57:14,213 — INFO — GET /auth/me — 401 — 0.265s
2026-02-23 21:57:14,232 — INFO — GET /auth/me — 401 — 0.009s
2026-02-23 21:59:22,941 — INFO — OPTIONS /predict/ckd — 200 — 0.018s
2026-02-23 21:59:23,684 — INFO — POST /predict/ckd — 200 — 0.708s
2026-02-23 21:59:37,462 — INFO — OPTIONS /recommend — 200 — 0.001s
2026-02-23 21:59:37,485 — INFO — POST /recommend — 200 — 0.013s
2026-02-23 22:03:02,868 — INFO — POST /predict/ckd — 200 — 0.132s
2026-02-23 22:04:18,514 — INFO — POST /recommend — 200 — 0.088s
2026-02-23 22:07:00,115 — INFO — POST /predict/ckd — 200 — 0.185s
2026-02-23 22:07:11,929 — INFO — POST /recommend — 200 — 0.007s
2026-02-23 22:08:37,007 — INFO — OPTIONS /predict/heart — 200 — 0.006s
2026-02-23 22:08:37,486 — INFO — POST /predict/heart — 200 — 0.455s
2026-02-23 22:09:08,036 — INFO — POST /recommend — 200 — 0.021s
2026-02-23 22:10:34,561 — INFO — POST /predict/heart — 200 — 0.195s
2026-02-23 22:10:45,109 — INFO — OPTIONS /recommend — 200 — 0.003s
2026-02-23 22:10:45,143 — INFO — POST /recommend — 200 — 0.023s
2026-02-23 22:12:20,673 — INFO — POST /predict/heart — 200 — 0.162s
2026-02-23 22:12:34,175 — INFO — POST /recommend — 200 — 0.003s
2026-02-23 22:15:54,414 — INFO — OPTIONS /predict-diabetes — 200 — 0.006s
2026-02-23 22:15:54,636 — INFO — POST /predict-diabetes — 200 — 0.193s
2026-02-23 22:16:08,834 — INFO — POST /recommend — 200 — 0.004s
2026-02-23 22:17:35,878 — INFO — POST /predict-diabetes — 200 — 0.107s
2026-02-23 22:17:40,553 — INFO — POST /recommend — 200 — 0.008s
2026-02-23 22:19:14,096 — INFO — POST /predict-diabetes — 200 — 0.131s
2026-02-23 22:19:22,378 — INFO — POST /recommend — 200 — 0.01s
2026-02-23 22:20:54,744 — INFO — POST /predict-diabetes — 200 — 0.115s
2026-02-23 22:20:59,437 — INFO — OPTIONS /recommend — 200 — 0.01s
2026-02-23 22:20:59,464 — INFO — POST /recommend — 200 — 0.014s
2026-02-23 22:21:55,135 — INFO — OPTIONS /predict/anemia — 200 — 0.003s
2026-02-23 22:21:55,407 — INFO — POST /predict/anemia — 200 — 0.248s
2026-02-23 22:22:03,996 — INFO — POST /recommend — 200 — 0.02s
2026-02-23 22:23:13,862 — INFO — POST /predict/anemia — 200 — 0.159s
2026-02-23 22:23:51,179 — INFO — POST /recommend — 200 — 0.029s
2026-02-23 22:24:36,081 — INFO — POST /predict/anemia — 200 — 0.133s
2026-02-23 22:24:40,253 — INFO — POST /recommend — 200 — 0.006s
2026-02-27 23:16:24,191 — INFO — ✅ All ML models loaded successfully
2026-03-30 13:12:30,984 — INFO — ✅ All ML models loaded successfully
2026-03-30 13:13:45,046 — INFO — GET /docs — 200 — 0.053s
2026-03-30 13:13:46,412 — INFO — GET /openapi.json — 200 — 0.967s
2026-03-30 13:14:40,772 — INFO — OPTIONS /auth/login — 200 — 0.043s
2026-03-30 13:14:44,919 — INFO — POST /auth/login — 200 — 3.751s
2026-03-30 13:14:45,143 — INFO — OPTIONS /auth/me — 200 — 0.0s
2026-03-30 13:14:45,173 — INFO — OPTIONS /auth/me — 200 — 0.0s
2026-03-30 13:14:45,522 — INFO — GET /auth/me — 200 — 0.316s
2026-03-30 13:14:46,468 — INFO — GET /auth/me — 200 — 0.936s
2026-03-30 13:15:14,067 — INFO — [OCR Upload] Received file: blood_sugar_report1.jpg, type=image/jpeg
2026-03-30 13:15:14,116 — INFO — [OCR Store] File saved to ocr_uploads/blood_sugar_report1.jpg
2026-03-30 13:15:16,672 — INFO — [OCR] Running EasyOCR
2026-03-30 13:16:45,897 — INFO — [OCR Completed] Successfully processed report
2026-03-30 13:16:46,054 — INFO — POST /ocr/extract — 200 — 92.379s
2026-03-30 13:17:18,240 — INFO — OPTIONS /recommend — 200 — 0.027s
2026-03-30 13:17:18,597 — INFO — POST /recommend — 422 — 0.295s
2026-03-30 13:20:10,351 — INFO — OPTIONS /predict/anemia — 200 — 0.016s
2026-03-30 13:20:12,643 — INFO — POST /predict/anemia — 200 — 2.219s
2026-03-30 13:20:17,284 — INFO — POST /recommend — 200 — 0.021s
